ENS,Symbol
ENSG00000281192.1,AC018867.1
ENSG00000280514.1,AC142525.1
ENSG00000281359.1,AC104650.2
ENSG00000280544.1,AC107081.1
ENSG00000279533.1,AC009022.1
ENSG00000278939.1,AC242988.1
ENSG00000279335.1,AC009977.1
ENSG00000279471.1,AC008759.1
ENSG00000167774.2,NDUFA7
ENSG00000281267.1,AC110602.1
ENSG00000279131.1,AC069063.1
ENSG00000273603.1,KIR2DS1
ENSG00000280264.1,AC004158.1
ENSG00000279524.1,AC108925.1
ENSG00000281889.1,AC073072.1
ENSG00000268465.1,CTC-273B12.7
ENSG00000279538.1,AC004953.1
ENSG00000129824.15,RPS4Y1
ENSG00000275126.1,HIST1H4L
ENSG00000280260.1,AC017028.10
ENSG00000280116.1,AC231657.1
ENSG00000228144.2,RP11-745O10.4
ENSG00000269307.1,CTD-2278I10.6
ENSG00000279448.1,FKSG54
ENSG00000232948.1,DEFB130
ENSG00000233050.1,RP11-1236K1.1
ENSG00000281126.1,AC091180.1
ENSG00000256632.3,RP13-672B3.2
ENSG00000269590.1,CTD-2192J16.24
ENSG00000279238.1,AL138706.2
ENSG00000221962.4,TMEM14E
ENSG00000279973.1,BAGE5
ENSG00000281331.1,AC016753.2
ENSG00000274853.2,MRM1
ENSG00000281039.1,RP4-777O23.3
ENSG00000272897.5,RP1-309K20.6
ENSG00000280852.1,AC025048.1
ENSG00000268434.5,AC011530.4
ENSG00000196900.4,TEX43
ENSG00000268083.5,AC104534.3
ENSG00000255432.1,RP11-831H9.11
ENSG00000180389.6,ATP5EP2
ENSG00000265303.1,CTD-2510F5.6
ENSG00000255054.3,RP1-317E23.6
ENSG00000249141.1,RP11-514O12.4
ENSG00000279735.1,AC124312.1
ENSG00000280403.1,FKSG62
ENSG00000260851.6,RP11-403P17.5
ENSG00000178257.3,PRM3
ENSG00000279473.1,AC009065.4
ENSG00000268173.1,PIK3R2
ENSG00000262660.1,RP13-1032I1.10
ENSG00000256349.1,CTD-3074O7.11
ENSG00000277775.1,HIST1H3F
ENSG00000279229.1,AC019206.1
ENSG00000132698.13,RAB25
ENSG00000198692.9,EIF1AY
ENSG00000204366.3,ZBTB12
ENSG00000234852.2,ZBTB12
ENSG00000237900.2,ZBTB12
ENSG00000278588.1,HIST1H2BI
ENSG00000214511.3,HIGD1C
ENSG00000067048.16,DDX3Y
ENSG00000263620.1,RP11-599B13.6
ENSG00000267140.1,RP11-322E11.6
ENSG00000282246.1,RP11-295P9.13
ENSG00000276410.2,HIST1H2BB
ENSG00000267952.1,CTD-2207O23.12
ENSG00000226704.6,HSPA1L
ENSG00000111780.8,AL021546.6
ENSG00000267748.4,CTB-102L5.4
ENSG00000249209.2,AP000304.12
ENSG00000267314.1,AC104532.2
ENSG00000279392.1,AL158801.1
ENSG00000235156.4,TMEM30C
ENSG00000166930.6,MS4A5
ENSG00000251184.1,RP11-101E3.5
ENSG00000205549.8,C9orf92
ENSG00000272741.1,RP11-447L10.1
ENSG00000163263.6,C1orf189
ENSG00000149418.10,ST14
ENSG00000261427.6,CTD-2349B8.1
ENSG00000269469.1,CTD-3148I10.9
ENSG00000255767.1,RP13-512J5.1
ENSG00000113520.10,IL4
ENSG00000269026.2,AC003006.7
ENSG00000273088.1,RP11-201K10.3
ENSG00000250361.6,GYPB
ENSG00000259900.5,RP11-343C2.7
ENSG00000276612.3,CH507-9B2.4
ENSG00000186146.1,DEFB131
ENSG00000188800.5,TMCO2
ENSG00000227739.10,TUBB
ENSG00000273003.1,ARL2-SNX15
ENSG00000257355.1,CTD-2006C1.10
ENSG00000083307.10,GRHL2
ENSG00000262594.3,KRTAP9-9
ENSG00000282548.1,SEPT9
ENSG00000185523.6,SPATA45
ENSG00000275379.1,HIST1H3I
ENSG00000274443.4,C8orf89
ENSG00000104918.7,RETN
ENSG00000219435.4,TEX40
ENSG00000256100.1,AP000721.4
ENSG00000139574.8,NPFF
ENSG00000257065.1,RP3-468K18.5
ENSG00000250254.1,PTTG2
ENSG00000260170.1,RP11-96O20.4
ENSG00000277656.3,GSTT1
ENSG00000170890.13,PLA2G1B
ENSG00000261210.5,CLEC19A
ENSG00000275572.1,GRIFIN
ENSG00000276154.1,KIR2DS4
ENSG00000280778.1,CH17-270A2.2
ENSG00000189030.9,VHLL
ENSG00000255663.1,RP11-212D19.4
ENSG00000170236.14,USP50
ENSG00000250232.1,AF196779.12
ENSG00000267545.1,AC005779.2
ENSG00000268107.5,AC003005.4
ENSG00000122543.10,OCM
ENSG00000274618.1,HIST1H4F
ENSG00000274183.1,H2AFB1
ENSG00000185662.8,SMIM23
ENSG00000276430.2,FAM25C
ENSG00000277971.1,XXbac-B562F10.12
ENSG00000282612.1,TAS2R20
ENSG00000204683.10,C10orf113
ENSG00000266997.2,RP11-886H22.1
ENSG00000267318.1,RP11-178C3.1
ENSG00000171489.10,SPACA5
ENSG00000266728.5,AC015688.3
ENSG00000177752.14,YIPF7
ENSG00000267552.6,CTD-2528L19.4
ENSG00000214360.4,EFCAB9
ENSG00000267206.5,LCN6
ENSG00000261832.4,CLN3
ENSG00000096395.10,MLN
ENSG00000176009.3,ASCL3
ENSG00000169575.4,VPREB1
ENSG00000189090.7,FAM25G
ENSG00000273703.1,HIST1H2BM
ENSG00000279461.1,AC005480.1
ENSG00000282266.1,ATP9B
ENSG00000270249.1,RP11-514P8.7
ENSG00000114374.12,USP9Y
ENSG00000268361.1,L34079.2
ENSG00000274529.4,SEBOX
ENSG00000269547.1,CTC-360G5.8
ENSG00000228892.9,AGPAT1
ENSG00000236873.9,AGPAT1
ENSG00000204310.10,AGPAT1
ENSG00000272104.1,XXcos-LUCA11.5
ENSG00000268643.1,AC006486.9
ENSG00000280360.1,AC092159.1
ENSG00000092009.10,CMA1
ENSG00000253506.2,NACA2
ENSG00000169688.10,MT1B
ENSG00000268797.1,CTC-490E21.12
ENSG00000130656.4,HBZ
ENSG00000141977.9,CIB3
ENSG00000189099.11,PRSS48
ENSG00000167414.4,GNG8
ENSG00000169397.3,RNASE3
ENSG00000257411.1,RP11-603J24.9
ENSG00000263353.3,PPIAL4A
ENSG00000184276.2,DEFB108B
ENSG00000224398.7,CSNK2B
ENSG00000261130.5,RP11-1021N1.1
ENSG00000282074.1,RP11-1021N1.1
ENSG00000260286.3,C6orf229
ENSG00000124610.4,HIST1H1A
ENSG00000185681.12,MORN5
ENSG00000185758.7,CLDN24
ENSG00000279988.1,AL022578.1
ENSG00000249624.8,AP000295.9
ENSG00000255359.2,CCDC179
ENSG00000183395.4,PMCH
ENSG00000254462.1,TMX2-CTNND1
ENSG00000188124.2,OR2AG2
ENSG00000197123.9,ZNF679
ENSG00000278856.4,KIR3DL1
ENSG00000279986.1,AC234582.2
ENSG00000123569.8,H2BFWT
ENSG00000187475.5,HIST1H1T
ENSG00000169906.5,S100G
ENSG00000274405.4,SPAG11B
ENSG00000278272.1,HIST1H3C
ENSG00000183878.15,UTY
ENSG00000197416.4,FABP12
ENSG00000280113.1,AL357140.1
ENSG00000221867.8,MAGEA3
ENSG00000275049.1,AC011295.1
ENSG00000265818.1,EEF1E1-BLOC1S5
ENSG00000248710.1,RP11-432B6.3
ENSG00000276424.4,KIR3DL2
ENSG00000186471.12,AKAP14
ENSG00000120160.10,EQTN
ENSG00000182107.6,TMEM30B
ENSG00000215131.10,C16orf90
ENSG00000196748.9,CLPSL2
ENSG00000277745.1,H2AFB3
ENSG00000276368.1,HIST1H2AJ
ENSG00000171433.11,GLOD5
ENSG00000214265.11,SNURF
ENSG00000052344.15,PRSS8
ENSG00000168925.10,CTRB1
ENSG00000170948.3,MBD3L1
ENSG00000197172.10,MAGEA6
ENSG00000221989.2,OR2A2
ENSG00000262302.1,RP1-4G17.5
ENSG00000248235.6,AC037459.4
ENSG00000221938.3,OR2A14
ENSG00000215274.5,GAGE10
ENSG00000182346.17,DAOA
ENSG00000253313.5,C1orf210
ENSG00000196800.6,SPINK14
ENSG00000254636.1,ARMS2
ENSG00000113525.9,IL5
ENSG00000280170.1,FKSG68
ENSG00000278938.1,AC104981.1
ENSG00000280041.1,AL133335.1
ENSG00000280141.1,AC016142.1
ENSG00000273498.4,KIR2DL4
ENSG00000125888.14,BANF2
ENSG00000103023.11,PRSS54
ENSG00000128276.10,RFPL3
ENSG00000268400.5,CTD-3214H19.4
ENSG00000188076.2,SCGB1C1
ENSG00000172410.4,INSL5
ENSG00000279493.1,CH507-9B2.2
ENSG00000282705.1,NPIPA5
ENSG00000125975.13,C20orf173
ENSG00000270617.1,URGCP-MRPS24
ENSG00000171054.7,OR13H1
ENSG00000169340.9,PDILT
ENSG00000164399.4,IL3
ENSG00000145863.10,GABRA6
ENSG00000168589.14,DYNLRB2
ENSG00000282256.1,TAS2R31
ENSG00000258713.2,C20orf141
ENSG00000234469.4,CLDN34
ENSG00000250424.4,RP5-877J2.1
ENSG00000259916.1,RP11-407P15.2
ENSG00000204006.8,C1orf185
ENSG00000276302.1,RP5-874C20.8
ENSG00000197110.8,IFNL3
ENSG00000227868.5,C1orf234
ENSG00000261717.5,RP11-77K12.1
ENSG00000149735.6,GPHA2
ENSG00000278758.4,KIR3DL2
ENSG00000230178.1,OR4F3
ENSG00000205186.2,FABP9
ENSG00000262612.2,TAS2R43
ENSG00000203909.3,DPPA5
ENSG00000280298.1,AC007163.2
ENSG00000262749.2,KRTAP9-3
ENSG00000213401.8,MAGEA12
ENSG00000243501.5,RP11-257K9.8
ENSG00000183311.16,TUBB
ENSG00000071677.1,PRLH
ENSG00000134200.3,TSHB
ENSG00000161610.1,HCRT
ENSG00000162069.14,CCDC64B
ENSG00000203908.3,KHDC3L
ENSG00000256029.5,RP11-190A12.7
ENSG00000214732.2,RP1-139D8.6
ENSG00000178602.7,OTOS
ENSG00000279768.1,AC008914.1
ENSG00000187581.2,COX8C
ENSG00000277018.2,COX8C
ENSG00000237136.6,C4orf51
ENSG00000175202.3,HIGD2B
ENSG00000215183.4,MSMP
ENSG00000262573.2,KRTAP9-2
ENSG00000171987.1,C11orf40
ENSG00000259571.1,BLID
ENSG00000225940.5,C5orf67
ENSG00000241132.7,LY6G5B
ENSG00000278619.4,MRM1
ENSG00000169314.14,C22orf15
ENSG00000280410.1,AC104073.2
ENSG00000278463.1,HIST1H2AB
ENSG00000176269.3,OR4F21
ENSG00000214819.1,CDRT15L2
ENSG00000188508.10,KRTDAP
ENSG00000264668.1,RP13-582O9.6
ENSG00000157060.14,SHCBP1L
ENSG00000267728.2,RP11-206C20.2
ENSG00000206013.2,IFITM5
ENSG00000175485.2,OR52W1
ENSG00000268975.1,MIA-RAB4B
ENSG00000273049.1,RP11-834C11.12
ENSG00000257062.6,RP11-125O5.2
ENSG00000279018.1,AC007906.1
ENSG00000282804.1,RP3-369A17.6
ENSG00000181552.3,EDDM3B
ENSG00000231861.2,OR5K2
ENSG00000204928.1,GRXCR2
ENSG00000176571.11,CNBD1
ENSG00000101405.3,OXT
ENSG00000188771.4,PLET1
ENSG00000182931.9,WFDC10B
ENSG00000260272.1,RP11-20I23.1
ENSG00000255374.2,TAS2R43
ENSG00000164334.15,FAM170A
ENSG00000171496.3,OR1L8
ENSG00000159723.4,AGRP
ENSG00000101883.4,RHOXF1
ENSG00000281861.1,SLC9A3
ENSG00000259371.2,RP11-468E2.6
ENSG00000206206.11,DAXX
ENSG00000227046.8,DAXX
ENSG00000258728.1,RP11-195F19.29
ENSG00000277157.1,HIST1H4D
ENSG00000100121.12,GGTLC2
ENSG00000125788.5,DEFB126
ENSG00000280571.1,RP4-613B23.5
ENSG00000255192.5,NANOGP8
ENSG00000279374.1,AL596220.1
ENSG00000184933.4,OR6A2
ENSG00000244623.1,OR2AE1
ENSG00000263090.4,KRTAP9-2
ENSG00000205864.1,KRTAP5-6
ENSG00000277389.1,KRTAP5-6
ENSG00000161328.10,LRRC56
ENSG00000256436.1,TAS2R31
ENSG00000275217.2,AC079355.1
ENSG00000165204.3,OR1K1
ENSG00000187516.6,HYPM
ENSG00000141437.8,SLC25A52
ENSG00000277193.1,KIR2DS3
ENSG00000187026.2,KRTAP21-2
ENSG00000257115.1,OR11H12
ENSG00000265264.5,TIMM10B
ENSG00000168131.4,OR2B2
ENSG00000131142.13,CCL25
ENSG00000251357.4,AP000350.10
ENSG00000281287.1,AP000350.10
ENSG00000255292.6,AP002884.2
ENSG00000171855.6,IFNB1
ENSG00000126233.1,SLURP1
ENSG00000262560.1,RP11-296A16.1
ENSG00000167014.10,C15orf43
ENSG00000121853.3,GHSR
ENSG00000179213.13,SIGLECL1
ENSG00000141371.12,C17orf64
ENSG00000279624.3,RP5-1042K10.14
ENSG00000157884.10,CIB4
ENSG00000183324.10,REC114
ENSG00000212124.2,TAS2R19
ENSG00000263028.1,TAS2R19
ENSG00000188674.10,C2orf80
ENSG00000205116.3,TMEM88B
ENSG00000206406.9,CSNK2B
ENSG00000267157.1,CTB-54O9.9
ENSG00000268870.1,CTD-3105H18.16
ENSG00000187747.2,OR52B6
ENSG00000103067.11,ESRP2
ENSG00000143185.3,XCL2
ENSG00000142539.9,CTD-2545M3.6
ENSG00000221933.2,OR2A25
ENSG00000204572.7,KRTAP5-10
ENSG00000274563.1,KIR2DS5
ENSG00000108255.7,CRYBA1
ENSG00000137392.9,CLPS
ENSG00000277856.1,AC233755.2
ENSG00000108849.7,PPY
ENSG00000278705.1,HIST1H4B
ENSG00000167642.12,SPINT2
ENSG00000119888.10,EPCAM
ENSG00000165120.3,SSMEM1
ENSG00000260861.6,RP4-576H24.4
ENSG00000280080.1,U51561.1
ENSG00000181323.7,SPEM1
ENSG00000274920.4,KIR3DL1
ENSG00000261793.1,RP11-350O14.18
ENSG00000279068.1,CH17-140K24.5
ENSG00000274839.4,PRB4
ENSG00000282302.1,SEPT9
ENSG00000168148.3,HIST3H3
ENSG00000180919.3,OR56B4
ENSG00000168746.7,C20orf62
ENSG00000248871.1,TNFSF12-TNFSF13
ENSG00000130545.15,CRB3
ENSG00000182896.12,TMEM95
ENSG00000262730.1,RP11-1099M24.7
ENSG00000256762.1,STH
ENSG00000130167.13,TSPAN16
ENSG00000175018.12,TEX36
ENSG00000188393.8,CLEC2A
ENSG00000183560.8,IZUMO1R
ENSG00000168158.3,OR2C1
ENSG00000232268.5,OR52I1
ENSG00000140832.9,MARVELD3
ENSG00000279380.1,AC069063.2
ENSG00000196570.2,PFN3
ENSG00000124449.6,IRGC
ENSG00000275659.4,KIR3DL1
ENSG00000282185.1,PTPRN2
ENSG00000179636.14,TPPP2
ENSG00000182035.11,ADIG
ENSG00000203737.3,GPR52
ENSG00000204978.2,ERICH4
ENSG00000254536.1,RP11-108K14.8
ENSG00000012817.15,KDM5D
ENSG00000233816.3,IFNA13
ENSG00000198881.9,ASB12
ENSG00000128040.10,SPINK2
ENSG00000267795.5,SMIM22
ENSG00000205669.2,ACOT6
ENSG00000275821.2,C7orf34
ENSG00000277076.4,KIR2DL4
ENSG00000224774.7,CSNK2B
ENSG00000261915.6,RP11-542C16.2
ENSG00000228567.3,VN1R4
ENSG00000182393.2,IFNL1
ENSG00000121335.11,PRB2
ENSG00000176198.2,OR11H4
ENSG00000275974.2,PPIAL4C
ENSG00000163440.10,PDCL2
ENSG00000188032.9,C19orf67
ENSG00000273661.4,KIR2DL2
ENSG00000258973.1,RP11-934B9.3
ENSG00000111245.14,MYL2
ENSG00000158485.10,CD1B
ENSG00000139223.2,ANP32D
ENSG00000206383.8,HSPA1L
ENSG00000236251.6,HSPA1L
ENSG00000262633.1,RP11-156P1.2
ENSG00000171136.6,RLN3
ENSG00000173431.2,RNASE8
ENSG00000183791.4,TCEB3C
ENSG00000183709.7,IFNL2
ENSG00000278277.1,GU182355.5
ENSG00000278637.1,HIST1H4A
ENSG00000278633.1,AC023491.2
ENSG00000134812.7,GIF
ENSG00000281139.1,STH
ENSG00000254550.1,OMP
ENSG00000254959.6,INMT-FAM188B
ENSG00000153347.9,FAM81B
ENSG00000130950.13,NUTM2F
ENSG00000237724.5,HSPA1A
ENSG00000166984.11,TCP10L2
ENSG00000281348.1,CTD-2574D22.6
ENSG00000215704.9,CELA2B
ENSG00000267618.5,RAD51L3-RFFL
ENSG00000269711.1,CTD-3214H19.16
ENSG00000160349.9,LCN1
ENSG00000269476.1,CTD-2583A14.9
ENSG00000172073.3,TEX37
ENSG00000239590.1,OR1J4
ENSG00000205057.4,CLLU1OS
ENSG00000273575.4,KIR2DL4
ENSG00000142538.1,PTH2
ENSG00000189143.9,CLDN4
ENSG00000159224.4,GIP
ENSG00000255221.2,CARD17
ENSG00000171402.14,XAGE3
ENSG00000106128.18,GHRHR
ENSG00000154252.11,GAL3ST2
ENSG00000104723.20,TUSC3
ENSG00000172640.3,OR10AD1
ENSG00000184502.3,GAST
ENSG00000204595.1,DPRX
ENSG00000241233.2,KRTAP5-8
ENSG00000276518.1,KIR3DP1
ENSG00000215277.8,RNF212B
ENSG00000168124.2,OR1F1
ENSG00000196431.3,CRYBA4
ENSG00000275221.1,HIST1H2AK
ENSG00000149651.3,SPINT4
ENSG00000177994.15,C2orf73
ENSG00000183318.11,SPDYE4
ENSG00000188782.7,CATSPER4
ENSG00000263022.1,KRT37
ENSG00000106631.8,MYL7
ENSG00000214686.4,IQCF6
ENSG00000136834.3,OR1J1
ENSG00000133477.16,FAM83F
ENSG00000141979.4,CTD-3222D19.2
ENSG00000125831.9,CST11
ENSG00000281758.1,KCNIP4
ENSG00000139780.7,METTL21C
ENSG00000243543.8,WFDC6
ENSG00000170561.12,IRX2
ENSG00000167194.7,C16orf92
ENSG00000170782.3,OR10A4
ENSG00000266953.6,RP11-618P17.4
ENSG00000170790.4,OR10A2
ENSG00000169877.9,AHSP
ENSG00000169194.9,IL13
ENSG00000116882.14,HAO2
ENSG00000165202.3,OR1Q1
ENSG00000204913.5,LRRC3C
ENSG00000235034.6,C19orf81
ENSG00000157992.12,KRTCAP3
ENSG00000213934.6,HBG1
ENSG00000257184.3,HOXA10-HOXA9
ENSG00000179363.6,TMEM31
ENSG00000243440.6,AF165138.7
ENSG00000117595.10,IRF6
ENSG00000118491.9,ZC2HC1B
ENSG00000204195.3,AWAT1
ENSG00000204193.10,TXNDC8
ENSG00000178804.7,H1FOO
ENSG00000275914.4,KIR2DL2
ENSG00000104413.15,ESRP1
ENSG00000277897.2,GSTT2
ENSG00000175513.9,TSGA10IP
ENSG00000278414.4,KIR2DL5B
ENSG00000206075.13,SERPINB5
ENSG00000184860.9,SDR42E1
ENSG00000279983.1,CH17-140K24.8
ENSG00000147873.5,IFNA5
ENSG00000204422.7,XXbac-BPG32J3.20
ENSG00000186207.4,LCE5A
ENSG00000256797.1,KLRF2
ENSG00000274763.1,KIR3DL3
ENSG00000281613.2,RP11-506B6.7
ENSG00000166368.2,OR2D2
ENSG00000120329.6,SLC25A2
ENSG00000249860.3,MTRNR2L5
ENSG00000187166.1,H1FNT
ENSG00000274707.4,KIR2DL5B
ENSG00000121413.12,ZSCAN18
ENSG00000168828.5,OR13J1
ENSG00000187569.2,DPPA3
ENSG00000270188.1,MTRNR2L11
ENSG00000152611.11,CAPSL
ENSG00000171053.9,PATE1
ENSG00000263097.2,TAS2R31
ENSG00000106648.13,GALNTL5
ENSG00000103426.12,CORO7-PAM16
ENSG00000278760.4,CORO7-PAM16
ENSG00000206150.3,RNASE13
ENSG00000147223.5,RIPPLY1
ENSG00000188100.8,FAM25A
ENSG00000236027.2,PATE3
ENSG00000187600.12,TMEM247
ENSG00000139610.1,CELA1
ENSG00000236761.5,CTAGE9
ENSG00000264545.1,RP11-145E5.5
ENSG00000149435.12,GGTLC1
ENSG00000170262.12,MRAP
ENSG00000256713.7,PGA5
ENSG00000167880.7,EVPL
ENSG00000179055.6,OR13D1
ENSG00000206287.5,RING1
ENSG00000235107.3,RING1
ENSG00000184560.7,C17orf74
ENSG00000255835.1,RP4-559A3.7
ENSG00000204669.9,C9orf57
ENSG00000130538.4,OR11H1
ENSG00000255837.1,TAS2R20
ENSG00000273092.1,TAS2R20
ENSG00000172938.3,MRGPRD
ENSG00000170128.3,GPR25
ENSG00000176302.12,FOXR1
ENSG00000270806.1,C17orf50
ENSG00000148215.4,OR5C1
ENSG00000266076.1,CTD-2535L24.2
ENSG00000267001.1,AC006538.4
ENSG00000105205.6,CLC
ENSG00000128310.2,GALR3
ENSG00000104818.14,CGB2
ENSG00000174156.13,GSTA3
ENSG00000103375.10,AQP8
ENSG00000278111.2,TAS2R46
ENSG00000277251.4,KIR2DL2
ENSG00000184292.6,TACSTD2
ENSG00000269545.1,CTD-3138B18.4
ENSG00000221937.4,TAS2R40
ENSG00000258064.1,RP11-293I14.2
ENSG00000273331.1,TM4SF19-TCTEX1D2
ENSG00000163352.5,LENEP
ENSG00000099812.8,MISP
ENSG00000145103.12,ILDR1
ENSG00000269237.1,CTD-2561J22.3
ENSG00000112116.9,IL17F
ENSG00000171345.13,KRT19
ENSG00000100448.3,CTSG
ENSG00000278850.4,KIR3DL2
ENSG00000170819.4,BFSP2
ENSG00000139797.7,RNF113B
ENSG00000275517.4,PRB1
ENSG00000270394.2,MTRNR2L13
ENSG00000150201.14,FXYD4
ENSG00000244411.3,KRTAP5-7
ENSG00000267477.1,CTC-398G3.6
ENSG00000274189.4,KIR2DL4
ENSG00000142182.8,DNMT3L
ENSG00000223609.7,HBD
ENSG00000184389.9,A3GALT2
ENSG00000206177.6,HBM
ENSG00000204592.8,HLA-E
ENSG00000225201.6,HLA-E
ENSG00000236632.5,HLA-E
ENSG00000262045.1,KRT34
ENSG00000163737.3,PF4
ENSG00000167195.7,GOLGA6C
ENSG00000142511.4,GPR32
ENSG00000213927.3,CCL27
ENSG00000169515.5,CCDC8
ENSG00000111404.6,RERGL
ENSG00000282537.1,TAS2R43
ENSG00000203942.4,C10orf62
ENSG00000138483.2,CCDC54
ENSG00000170925.3,TEX13B
ENSG00000256892.2,MTRNR2L7
ENSG00000275798.4,AC226007.1
ENSG00000165076.13,PRSS37
ENSG00000171459.3,OR1L6
ENSG00000101200.5,AVP
ENSG00000168484.12,SFTPC
ENSG00000188394.6,GPR21
ENSG00000265118.5,CTD-2370N5.3
ENSG00000124003.12,MOGAT1
ENSG00000177414.13,UBE2U
ENSG00000142273.10,CBLC
ENSG00000277726.4,TARDBP
ENSG00000258989.1,RP11-47I22.4
ENSG00000187003.6,ACTL7A
ENSG00000257767.2,RP11-162P23.2
ENSG00000161973.10,CCDC42
ENSG00000182795.12,C1orf116
ENSG00000131721.4,RHOXF2
ENSG00000274874.1,RP11-214K3.25
ENSG00000186136.1,TAS2R42
ENSG00000273505.1,TAS2R42
ENSG00000277983.1,NPIPA7
ENSG00000163515.6,RETNLB
ENSG00000135373.12,EHF
ENSG00000276903.1,HIST1H2AL
ENSG00000262505.2,ACCN5
ENSG00000064835.10,POU1F1
ENSG00000197233.7,OR1J2
ENSG00000272921.1,RP11-500M8.7
ENSG00000163435.15,ELF3
ENSG00000276501.4,KIR3DL1
ENSG00000169474.4,SPRR1A
ENSG00000158901.11,WFDC8
ENSG00000263639.5,MSMB
ENSG00000140623.13,SEPT12
ENSG00000139151.14,PLCZ1
ENSG00000156885.5,COX6A2
ENSG00000073754.5,CD5L
ENSG00000275522.4,KIR2DL1
ENSG00000204165.5,CXorf65
ENSG00000278271.1,KIR2DL4
ENSG00000277475.1,AC213203.1
ENSG00000278481.1,KIR2DL5B
ENSG00000145879.10,SPINK7
ENSG00000206047.2,DEFA1
ENSG00000095917.13,TPSD1
ENSG00000259784.1,RP11-20I23.3
ENSG00000213886.3,UBD
ENSG00000185198.11,PRSS57
ENSG00000269058.5,CALR3
ENSG00000171133.2,OR2K2
ENSG00000165246.12,NLGN4Y
ENSG00000277669.1,AC009133.22
ENSG00000258052.1,AC025263.3
ENSG00000223601.2,EBLN1
ENSG00000228177.2,C6orf47
ENSG00000204140.9,CLPSL1
ENSG00000255245.3,FXYD6-FXYD2
ENSG00000170178.6,HOXD12
ENSG00000198443.6,KRTAP4-1
ENSG00000280252.1,FKSG63
ENSG00000176979.12,TRIM60
ENSG00000269242.1,CTD-2192J16.22
ENSG00000254706.2,RP11-565P22.6
ENSG00000175793.11,SFN
ENSG00000181885.18,CLDN7
ENSG00000274699.3,TAS2R30
ENSG00000197928.10,ZNF677
ENSG00000181013.3,C17orf47
ENSG00000205076.4,LGALS7
ENSG00000170290.3,SLN
ENSG00000179468.5,OR9A2
ENSG00000273914.2,OR9A2
ENSG00000106013.12,ANKRD7
ENSG00000148377.5,IDI2
ENSG00000204390.9,HSPA1L
ENSG00000234258.6,HSPA1L
ENSG00000067646.11,ZFY
ENSG00000274252.1,GGTLC3
ENSG00000203623.4,C6orf47
ENSG00000226103.2,C6orf47
ENSG00000226531.2,C6orf47
ENSG00000204671.1,IL31
ENSG00000139656.6,SMIM2
ENSG00000229637.3,PRAC2
ENSG00000255804.1,OR6J1
ENSG00000157093.8,LYZL4
ENSG00000229292.1,RFPL4AL1
ENSG00000268714.3,CTD-2287O16.3
ENSG00000184357.4,HIST1H1B
ENSG00000180697.8,C3orf22
ENSG00000243509.4,TNFRSF6B
ENSG00000203740.3,METTL11B
ENSG00000272162.1,RP11-637O19.3
ENSG00000177673.3,C2orf57
ENSG00000274243.4,GU182357.6
ENSG00000255307.1,OR52B2
ENSG00000136697.12,IL1F10
ENSG00000181616.8,OR52H1
ENSG00000204010.3,IFIT1B
ENSG00000215186.6,GOLGA6B
ENSG00000270299.1,RP5-850E9.3
ENSG00000204583.9,LRCOL1
ENSG00000114204.14,SERPINI2
ENSG00000204711.8,C9orf135
ENSG00000137707.13,BTG4
ENSG00000188770.9,OPTC
ENSG00000281593.1,GS1-114I9.3
ENSG00000276084.1,KIR3DL3
ENSG00000187559.5,FOXD4L3
ENSG00000145642.11,FAM159B
ENSG00000169605.5,GKN1
ENSG00000164123.6,C4orf45
ENSG00000175514.2,GPR152
ENSG00000178934.4,LGALS7B
ENSG00000280127.1,AC055733.1
ENSG00000235631.1,RNF148
ENSG00000274042.2,GOLGA6L18
ENSG00000188886.3,ASTL
ENSG00000276218.4,KIR2DL3
ENSG00000182447.4,OTOL1
ENSG00000279644.1,AC008074.1
ENSG00000268182.5,SMIM17
ENSG00000105699.16,LSR
ENSG00000274068.1,RP11-475E11.9
ENSG00000267261.5,CTD-2132N18.3
ENSG00000177212.3,OR2T33
ENSG00000187758.7,ADH1A
ENSG00000261247.1,GOLGA8T
ENSG00000274290.1,HIST1H2BE
ENSG00000244474.5,UGT1A4
ENSG00000077009.13,NMRK2
ENSG00000257138.1,TAS2R38
ENSG00000275731.1,KIR2DS4
ENSG00000206483.5,TXNRD3NB
ENSG00000169900.7,PYDC1
ENSG00000164871.17,SPAG11B
ENSG00000213265.8,TSGA13
ENSG00000164047.4,CAMP
ENSG00000146955.10,RAB19
ENSG00000168634.4,WFDC13
ENSG00000109272.3,PF4V1
ENSG00000273167.1,RP11-307N16.6
ENSG00000282682.1,C11orf71
ENSG00000277322.1,GOLGA6L6
ENSG00000147896.3,IFNK
ENSG00000172568.4,FNDC9
ENSG00000274209.4,ANTXRL
ENSG00000166069.13,TMCO5A
ENSG00000146755.10,TRIM50
ENSG00000131864.10,USP29
ENSG00000205359.9,SLCO6A1
ENSG00000268991.2,FAM231C
ENSG00000206280.7,ZBTB22
ENSG00000235022.8,RNF39
ENSG00000236967.8,RNF39
ENSG00000186652.9,PRG2
ENSG00000108688.11,CCL7
ENSG00000240247.6,DEFA1B
ENSG00000189252.4,SPANXN3
ENSG00000140478.14,GOLGA6D
ENSG00000282291.1,SLC39A11
ENSG00000204532.6,ZSCAN5CP
ENSG00000273111.5,LYPD4
ENSG00000101251.11,SEL1L2
ENSG00000251692.7,PTX4
ENSG00000177359.17,OVOS2
ENSG00000174417.2,TRHR
ENSG00000279510.1,AC243945.1
ENSG00000116176.6,TPSG1
ENSG00000212659.1,KRTAP9-6
ENSG00000240386.3,LCE1F
ENSG00000204479.4,PRAMEF17
ENSG00000197353.3,LYPD2
ENSG00000124935.3,SCGB1D2
ENSG00000180219.1,FAM71C
ENSG00000272647.1,GS1-259H13.11
ENSG00000206455.8,TCF19
ENSG00000234674.6,TCF19
ENSG00000232960.9,CSNK2B
ENSG00000138068.10,SULT6B1
ENSG00000197153.4,HIST1H3J
ENSG00000260836.1,RP11-152F13.10
ENSG00000282755.1,RP11-152F13.10
ENSG00000233841.11,HLA-C
ENSG00000159164.9,SV2A
ENSG00000104827.12,CGB
ENSG00000170558.8,CDH2
ENSG00000151475.5,SLC25A31
ENSG00000165623.9,UCMA
ENSG00000071203.9,MS4A12
ENSG00000276731.1,KIR2DL2
ENSG00000120563.8,LYZL1
ENSG00000005001.9,PRSS22
ENSG00000174015.9,SPERT
ENSG00000269095.1,AC010646.3
ENSG00000204619.7,PPP1R11
ENSG00000135577.4,NMBR
ENSG00000063515.2,GSC2
ENSG00000274830.4,KIR2DL3
ENSG00000062038.13,CDH3
ENSG00000006555.10,TTC22
ENSG00000255501.1,CARD18
ENSG00000274997.1,HIST1H2AH
ENSG00000269881.1,AC004754.3
ENSG00000204618.8,RNF39
ENSG00000230332.8,RNF39
ENSG00000198704.9,GPX6
ENSG00000242441.7,GTF2A1L
ENSG00000170956.16,CEACAM3
ENSG00000233232.6,NPIPB7
ENSG00000278201.4,KIR2DL4
ENSG00000180383.3,DEFB124
ENSG00000164708.5,PGAM2
ENSG00000164078.12,MST1R
ENSG00000188050.2,RNF133
ENSG00000273398.5,HZGJ
ENSG00000206531.10,CD200R1L
ENSG00000259112.1,NDUFC2-KCTD14
ENSG00000206427.11,PRRC2A
ENSG00000231825.9,PRRC2A
ENSG00000185888.5,PRSS38
ENSG00000180988.2,OR52N2
ENSG00000224552.9,ABHD16A
ENSG00000130701.3,RBBP8NL
ENSG00000182083.7,OR6B2
ENSG00000236014.10,VPS52
ENSG00000176020.8,AMIGO3
ENSG00000128322.6,IGLL1
ENSG00000116783.14,TNNI3K
ENSG00000267360.6,CTC-454I21.3
ENSG00000106178.6,CCL24
ENSG00000170950.4,PGK2
ENSG00000124827.6,GCM2
ENSG00000126952.16,NXF5
ENSG00000131746.12,TNS4
ENSG00000172421.7,EFCAB3
ENSG00000113600.10,C9
ENSG00000276498.4,KIR3DS1
ENSG00000204435.13,CSNK2B
ENSG00000129744.2,ART1
ENSG00000100249.4,C22orf31
ENSG00000164893.8,SLC7A13
ENSG00000206069.5,TMEM211
ENSG00000069018.17,TRPC7
ENSG00000171695.10,LKAAEAR1
ENSG00000144410.4,CPO
ENSG00000164900.4,GBX1
ENSG00000230778.1,ANKRD63
ENSG00000151418.11,ATP6V1G3
ENSG00000263014.5,ATP6V1G3
ENSG00000125084.11,WNT1
ENSG00000227686.7,VARS
ENSG00000278191.3,CARS
ENSG00000206127.10,GOLGA8O
ENSG00000213022.5,KLK9
ENSG00000224455.9,VPS52
ENSG00000229006.7,TRIM27
ENSG00000227315.7,NEU1
ENSG00000230657.6,PRB4
ENSG00000164695.4,CHMP4C
ENSG00000166211.7,SPIC
ENSG00000092067.5,CEBPE
ENSG00000184650.9,ODF4
ENSG00000188931.3,CFAP126
ENSG00000269855.2,RNF225
ENSG00000148965.8,SAA4
ENSG00000226437.9,TRIM39
ENSG00000171505.5,OR1N1
ENSG00000241386.6,HLA-DOB
ENSG00000167858.12,TEKT1
ENSG00000166558.10,SLC38A8
ENSG00000173239.13,LIPM
ENSG00000091482.5,SMPX
ENSG00000278695.1,GSTT2B
ENSG00000170748.6,RBMXL2
ENSG00000205810.8,KLRC3
ENSG00000217442.3,SYCE3
ENSG00000261603.1,PRSS46
ENSG00000197454.1,OR2L5
ENSG00000177462.6,OR2T8
ENSG00000169704.4,GP9
ENSG00000254405.8,MSH5-SAPCD1
ENSG00000197213.9,ZSCAN5B
ENSG00000183571.9,PGPEP1L
ENSG00000183542.5,KLRC4
ENSG00000274195.2,ZNF705G
ENSG00000101951.16,PAGE4
ENSG00000183396.3,TMEM89
ENSG00000169064.12,ZBBX
ENSG00000240224.1,UGT1A5
ENSG00000136939.1,OR1L4
ENSG00000184345.4,IQCF2
ENSG00000090512.11,FETUB
ENSG00000116981.3,NT5C1A
ENSG00000178395.6,CCDC185
ENSG00000183214.12,MICA
ENSG00000108702.3,CCL1
ENSG00000168619.15,ADAM18
ENSG00000166569.8,CPLX4
ENSG00000215912.10,TTC34
ENSG00000204287.13,HLA-DRA
ENSG00000143125.5,PROK1
ENSG00000198445.4,CCT8L2
ENSG00000096264.13,NCR2
ENSG00000275410.4,HNF1B
ENSG00000223666.2,FKBPL
ENSG00000275095.2,CCL16
ENSG00000203995.9,ZYG11A
ENSG00000102539.5,MLNR
ENSG00000189181.4,OR14I1
ENSG00000165509.13,MAGEC3
ENSG00000177294.6,FBXO39
ENSG00000214510.9,SPINK13
ENSG00000178928.8,TPRX1
ENSG00000089356.16,FXYD3
ENSG00000158764.6,ITLN2
ENSG00000255552.7,LY6G6E
ENSG00000136929.12,HEMGN
ENSG00000197561.6,ELANE
ENSG00000277571.2,ELANE
ENSG00000229176.9,SAPCD1
ENSG00000230667.5,SETSIP
ENSG00000184258.6,CDR1
ENSG00000206493.7,HLA-E
ENSG00000229252.6,HLA-E
ENSG00000230254.7,HLA-E
ENSG00000233904.6,HLA-E
ENSG00000234965.2,SHISA8
ENSG00000205899.3,BHLHA9
ENSG00000255009.4,UBTFL1
ENSG00000110484.6,SCGB2A2
ENSG00000255819.6,KLRC4-KLRK1
ENSG00000243480.7,AMY2A
ENSG00000159182.4,PRAC1
ENSG00000137976.7,DNASE2B
ENSG00000276425.1,KIR2DS2
ENSG00000234438.3,KBTBD13
ENSG00000166145.14,SPINT1
ENSG00000179088.14,C12orf42
ENSG00000184321.1,OR51J1
ENSG00000276590.4,KIR2DL3
ENSG00000189052.6,CGB5
ENSG00000197721.16,CR1L
ENSG00000275288.4,KIR3DL1
ENSG00000203877.7,RIPPLY2
ENSG00000228405.5,RNF5
ENSG00000273547.1,OR4F16
ENSG00000278566.1,OR4F29
ENSG00000187682.1,ERAS
ENSG00000146857.3,STRA8
ENSG00000180613.10,GSX2
ENSG00000275778.1,PRH1-PRR4
ENSG00000273514.1,FOXD4L6
ENSG00000275564.4,FCAR
ENSG00000185863.7,TMEM210
ENSG00000189167.11,ZAR1L
ENSG00000233490.7,GPSM3
ENSG00000186723.3,OR10H1
ENSG00000273291.5,RP11-136C24.3
ENSG00000124939.5,SCGB2A1
ENSG00000267631.4,CGB1
ENSG00000123171.6,CCDC70
ENSG00000108878.4,CACNG1
ENSG00000196289.7,BECN2
ENSG00000162891.10,IL20
ENSG00000275306.1,KIR2DS1
ENSG00000170909.13,OSCAR
ENSG00000223638.3,RFPL4A
ENSG00000277554.4,KIR2DL3
ENSG00000156006.4,NAT2
ENSG00000271567.1,PPIAL4E
ENSG00000274513.4,LILRB2
ENSG00000109424.3,UCP1
ENSG00000103449.11,SALL1
ENSG00000235134.7,CYP21A2
ENSG00000112212.11,TSPO2
ENSG00000281883.1,RP11-65B7.2
ENSG00000168412.6,MTNR1A
ENSG00000212643.2,ZRSR1
ENSG00000172468.13,HSFY1
ENSG00000149021.6,SCGB1A1
ENSG00000182508.13,LHFPL1
ENSG00000241484.9,ARHGAP8
ENSG00000078589.12,P2RY10
ENSG00000186150.4,UBL4B
ENSG00000279317.1,AC006994.3
ENSG00000110619.16,CARS
ENSG00000152670.18,DDX4
ENSG00000275421.1,KIR2DS1
ENSG00000255071.3,SAA2-SAA4
ENSG00000226761.3,TAS2R46
ENSG00000188425.3,NANOS2
ENSG00000158477.6,CD1A
ENSG00000115263.14,GCG
ENSG00000241713.7,LY6G5B
ENSG00000187754.8,SSX7
ENSG00000258388.7,PPT2-EGFL8
ENSG00000259399.1,TGIF2-C20orf24
ENSG00000272058.2,FAM231D
ENSG00000261459.1,AC002310.11
ENSG00000164451.13,FAM26D
ENSG00000173699.15,SPATA3
ENSG00000277865.4,GOLGA6L22
ENSG00000203663.3,OR2L2
ENSG00000279686.1,ECSCR
ENSG00000105550.8,FGF21
ENSG00000262525.2,TAS2R46
ENSG00000198283.2,OR5B21
ENSG00000176219.2,OR11H6
ENSG00000172497.8,ACOT12
ENSG00000278415.4,FCAR
ENSG00000239839.5,DEFA3
ENSG00000182223.7,ZAR1
ENSG00000206449.11,MICB
ENSG00000184270.4,HIST2H2AB
ENSG00000197919.4,IFNA1
ENSG00000167759.12,KLK13
ENSG00000277355.4,KIR2DL4
ENSG00000198633.10,ZNF534
ENSG00000147138.1,GPR174
ENSG00000162843.17,WDR64
ENSG00000279219.1,AL008723.1
ENSG00000168070.11,C11orf85
ENSG00000203756.7,TMEM244
ENSG00000136327.6,NKX2-8
ENSG00000178826.10,TMEM139
ENSG00000165583.13,SSX5
ENSG00000213714.1,FAM209B
ENSG00000188716.5,DUPD1
ENSG00000176194.17,CIDEA
ENSG00000274332.3,AC139026.1
ENSG00000282017.1,MTRNR2L6
ENSG00000178172.6,SPINK6
ENSG00000101435.4,CST9L
ENSG00000177558.3,FAM187B
ENSG00000185686.17,PRAME
ENSG00000162460.6,TMEM82
ENSG00000136694.8,IL36A
ENSG00000256407.1,RP11-446E24.4
ENSG00000167360.4,OR51Q1
ENSG00000142789.19,CELA3A
ENSG00000126460.10,PRRG2
ENSG00000107447.7,DNTT
ENSG00000204352.2,C9orf129
ENSG00000188038.7,NRN1L
ENSG00000255524.7,NPIPB8
ENSG00000147381.11,MAGEA4
ENSG00000275489.1,C17orf98
ENSG00000276913.2,C17orf98
ENSG00000258083.1,OR9A4
ENSG00000278685.4,IQCA1L
ENSG00000274873.1,TMC4
ENSG00000274905.1,TMC4
ENSG00000276260.1,AC012314.17
ENSG00000277667.1,TMC4
ENSG00000277996.1,AC012314.30
ENSG00000278363.1,AC012314.33
ENSG00000164270.17,HTR4
ENSG00000277362.1,KIR2DL4
ENSG00000125731.12,SH2D3A
ENSG00000124839.12,RAB17
ENSG00000185056.9,C5orf47
ENSG00000159763.3,PIP
ENSG00000182450.12,KCNK4
ENSG00000104941.7,RSPH6A
ENSG00000223443.2,USP17L2
ENSG00000244588.5,RAD21L1
ENSG00000134365.12,CFHR4
ENSG00000204952.2,FBXO47
ENSG00000213892.10,CEACAM16
ENSG00000275013.4,PRAME
ENSG00000255641.1,RP11-277P12.6
ENSG00000178796.12,RIIAD1
ENSG00000249693.2,THEGL
ENSG00000242180.3,OR51B5
ENSG00000203989.3,RHOXF2B
ENSG00000255104.7,ZNF286A
ENSG00000179412.10,HNRNPCL4
ENSG00000275714.1,HIST1H3A
ENSG00000280969.1,RPS4Y2
ENSG00000268738.2,HSFX2
ENSG00000255181.3,CCDC166
ENSG00000278749.1,CCDC166
ENSG00000132164.9,SLC6A11
ENSG00000198930.12,CSAG1
ENSG00000139053.2,PDE6H
ENSG00000271079.1,CTAGE15
ENSG00000196415.9,PRTN3
ENSG00000277804.4,PRTN3
ENSG00000280188.1,AC005477.1
ENSG00000248496.3,ZBED9
ENSG00000148798.9,INA
ENSG00000183742.12,MACC1
ENSG00000154485.4,MMP21
ENSG00000143556.8,S100A7
ENSG00000135100.17,HNF1A
ENSG00000227826.8,HLA-DRB4
ENSG00000187821.8,HELT
ENSG00000222028.3,PSMB11
ENSG00000203910.8,C1orf146
ENSG00000179455.7,MKRN3
ENSG00000188112.8,C6orf132
ENSG00000225691.6,HLA-C
ENSG00000072133.10,RPS6KA6
ENSG00000157211.10,CDCP2
ENSG00000111536.4,IL26
ENSG00000068985.4,PAGE1
ENSG00000110243.11,APOA5
ENSG00000269741.5,KLK9
ENSG00000228875.8,CSNK2B
ENSG00000166351.10,POTED
ENSG00000172551.10,MUCL1
ENSG00000282684.1,ZC3H3
ENSG00000204379.10,XAGE1A
ENSG00000169777.6,TAS2R1
ENSG00000116721.9,PRAMEF1
ENSG00000182793.10,GSTA5
ENSG00000277666.1,AC136352.5
ENSG00000270339.2,AC243756.1
ENSG00000137674.3,MMP20
ENSG00000180999.10,C1orf105
ENSG00000103485.17,QPRT
ENSG00000163914.4,RHO
ENSG00000166634.6,SERPINB12
ENSG00000164816.7,DEFA5
ENSG00000238269.8,PAGE2B
ENSG00000275172.1,KIR3DL3
ENSG00000273896.4,TSEN34
ENSG00000274078.4,TSEN34
ENSG00000274672.4,TSEN34
ENSG00000274796.4,TSEN34
ENSG00000275165.4,TSEN34
ENSG00000278712.4,TSEN34
ENSG00000197241.3,SLC2A7
ENSG00000233917.8,POTEB
ENSG00000206526.2,LINC01556
ENSG00000231041.1,LINC01556
ENSG00000277288.3,C10orf142
ENSG00000184210.5,DGAT2L6
ENSG00000260092.1,RP11-77K12.7
ENSG00000178055.11,PRSS42
ENSG00000212658.1,KRTAP29-1
ENSG00000184945.13,AQP12A
ENSG00000264619.5,MSH5-SAPCD1
ENSG00000256980.4,KHDC1L
ENSG00000275722.4,LYZL6
ENSG00000281741.1,AC241377.2
ENSG00000114349.9,GNAT1
ENSG00000279168.1,HSPC047
ENSG00000168454.11,TXNDC2
ENSG00000257473.6,HLA-DQA2
ENSG00000203690.11,TCP10
ENSG00000206072.12,SERPINB11
ENSG00000163012.3,ZSWIM2
ENSG00000237829.6,PPP1R11
ENSG00000235302.9,LY6G6D
ENSG00000274063.1,AL662852.1
ENSG00000274733.1,CR933783.1
ENSG00000275606.1,CR388407.1
ENSG00000277403.1,CR547123.1
ENSG00000278450.1,BX248413.1
ENSG00000278714.1,AL929561.1
ENSG00000204577.11,LILRB3
ENSG00000205022.9,PABPN1L
ENSG00000231274.5,SBK3
ENSG00000258830.1,RP11-123K3.4
ENSG00000275699.4,KIR2DL4
ENSG00000170935.6,NCBP2L
ENSG00000112539.14,C6orf118
ENSG00000170367.4,CST5
ENSG00000177947.13,ODF3
ENSG00000256045.2,MTRNR2L10
ENSG00000250709.1,CCDC169-SOHLH2
ENSG00000214215.3,C12orf74
ENSG00000148156.7,ACTL7B
ENSG00000133937.4,GSC
ENSG00000254893.5,AC113404.1
ENSG00000168748.13,CA7
ENSG00000186226.8,LCE1E
ENSG00000185290.3,NUPR1L
ENSG00000011677.12,GABRA3
ENSG00000165383.10,LRRC18
ENSG00000180658.3,OR2A4
ENSG00000155428.12,TRIM74
ENSG00000174950.10,CD164L2
ENSG00000125363.14,AMELX
ENSG00000165496.4,RPL10L
ENSG00000178919.8,FOXE1
ENSG00000171561.3,OR2AT4
ENSG00000124575.6,HIST1H1D
ENSG00000162771.7,FAM71A
ENSG00000275623.4,KIR2DL3
ENSG00000187550.8,SBK2
ENSG00000253457.2,SMIM18
ENSG00000244094.1,SPRR2F
ENSG00000274131.3,CEACAM4
ENSG00000162398.11,C1orf177
ENSG00000115339.13,GALNT3
ENSG00000243251.5,PGBD3
ENSG00000264230.7,ANXA8L1
ENSG00000070031.3,SCT
ENSG00000274473.2,SCT
ENSG00000173673.7,HES3
ENSG00000279389.3,KIAA0355
ENSG00000255419.5,MSH5-SAPCD1
ENSG00000168509.17,HFE2
ENSG00000184471.7,C1QTNF8
ENSG00000146049.1,KAAG1
ENSG00000049283.17,EPN3
ENSG00000213588.5,ZBTB9
ENSG00000276126.3,GAL3ST2
ENSG00000226430.5,USP17L7
ENSG00000277858.1,H2AFB2
ENSG00000224200.2,FKBPL
ENSG00000203907.9,OOEP
ENSG00000259384.6,GH1
ENSG00000184788.12,SATL1
ENSG00000204021.3,LIPK
ENSG00000181609.5,OR52D1
ENSG00000277737.2,FP325317.1
ENSG00000187658.6,C5orf52
ENSG00000118017.3,A4GNT
ENSG00000130383.7,FUT5
ENSG00000115386.5,REG1A
ENSG00000144227.4,NXPH2
ENSG00000275047.1,KIR2DS5
ENSG00000260007.1,RP11-315D16.2
ENSG00000168530.15,MYL1
ENSG00000167359.8,OR51I1
ENSG00000275407.1,KIR2DL2
ENSG00000251655.6,PRB1
ENSG00000151360.9,ALLC
ENSG00000091704.9,CPA1
ENSG00000196632.10,WNK3
ENSG00000135312.5,HTR1B
ENSG00000132470.13,ITGB4
ENSG00000223614.4,ZNF735
ENSG00000170369.3,CST2
ENSG00000241598.5,KRTAP5-4
ENSG00000277068.2,KRTAP5-4
ENSG00000169271.2,HSPB3
ENSG00000256966.6,RP11-613M10.8
ENSG00000176294.4,OR4N2
ENSG00000254598.2,CSNK2A3
ENSG00000131738.9,KRT33B
ENSG00000124232.10,RBPJL
ENSG00000116748.19,AMPD1
ENSG00000234068.6,PAGE2
ENSG00000136696.10,IL36B
ENSG00000204071.9,TCEAL6
ENSG00000233566.1,LINC01556
ENSG00000237313.1,LINC01556
ENSG00000275553.2,TCEB3CL
ENSG00000235376.5,RPEL1
ENSG00000221888.3,OR1C1
ENSG00000151005.4,TKTL2
ENSG00000111241.2,FGF6
ENSG00000205667.2,ARSH
ENSG00000180305.4,WFDC10A
ENSG00000167311.13,ART5
ENSG00000225805.4,CTD-2313N18.7
ENSG00000273269.1,RP11-761B3.1
ENSG00000122136.13,OBP2A
ENSG00000143217.8,PVRL4
ENSG00000170683.5,OR10A3
ENSG00000273953.1,OR10A3
ENSG00000196406.4,SPANXD
ENSG00000233438.1,AC109829.1
ENSG00000154620.5,TMSB4Y
ENSG00000254673.1,RP11-598P20.5
ENSG00000163736.3,PPBP
ENSG00000203870.5,SMIM9
ENSG00000204710.2,SPDYC
ENSG00000206408.8,GPANK1
ENSG00000228605.6,GPANK1
ENSG00000282673.1,PRB1
ENSG00000054796.12,SPO11
ENSG00000205882.8,DEFB134
ENSG00000203923.4,SPANXN1
ENSG00000206305.11,HLA-DQA1
ENSG00000278632.4,TBC1D3B
ENSG00000273777.4,CEACAM20
ENSG00000224659.2,GAGE12J
ENSG00000258724.1,CTD-2135J3.4
ENSG00000268861.5,CTD-2207O23.3
ENSG00000274193.4,KIR2DL4
ENSG00000144063.3,MALL
ENSG00000173250.2,GPR151
ENSG00000163254.4,CRYGC
ENSG00000107859.9,PITX3
ENSG00000104901.6,DKKL1
ENSG00000072041.16,SLC6A15
ENSG00000155622.6,XAGE2
ENSG00000163288.13,GABRB1
ENSG00000137331.11,IER3
ENSG00000124391.4,IL17C
ENSG00000274542.1,AC243734.1
ENSG00000205642.9,VCX3B
ENSG00000182533.6,CAV3
ENSG00000155875.13,SAXO1
ENSG00000181617.5,FDCSP
ENSG00000238289.9,MICB
ENSG00000236320.3,SLFN14
ENSG00000212900.2,KRTAP3-2
ENSG00000263296.2,KRTAP3-2
ENSG00000259753.1,RP11-290H9.2
ENSG00000160472.4,TMEM190
ENSG00000186009.4,ATP4B
ENSG00000184108.7,TRIML1
ENSG00000065621.14,GSTO2
ENSG00000176746.6,MAGEB6
ENSG00000112493.12,TAPBP
ENSG00000227780.5,ZBTB22
ENSG00000229253.5,ZBTB22
ENSG00000105679.8,GAPDHS
ENSG00000251246.1,RP11-540D14.8
ENSG00000175121.11,WFDC5
ENSG00000232957.10,HLA-DOA
ENSG00000258529.5,RP11-108O10.8
ENSG00000277042.2,LYZL6
ENSG00000112077.15,RHAG
ENSG00000162598.13,C1orf87
ENSG00000152595.16,MEPE
ENSG00000170486.10,KRT72
ENSG00000278605.4,TSEN34
ENSG00000221970.1,OR2A1
ENSG00000171484.4,OR1B1
ENSG00000278207.1,KIR2DL1
ENSG00000267335.2,CTB-60B18.6
ENSG00000198211.8,TUBB3
ENSG00000233831.4,ZNF311
ENSG00000101276.14,SLC52A3
ENSG00000049247.13,UTS2
ENSG00000131042.13,LILRB2
ENSG00000147183.9,CPXCR1
ENSG00000167165.18,UGT1A6
ENSG00000196684.12,HSH2D
ENSG00000181392.14,SYNE4
ENSG00000138772.12,ANXA3
ENSG00000166118.7,SPATA19
ENSG00000131152.4,RP11-178L8.4
ENSG00000275300.4,MCCC2
ENSG00000111319.12,SCNN1A
ENSG00000187080.7,OR2AK2
ENSG00000048545.13,GUCA1A
ENSG00000110245.11,APOC3
ENSG00000135409.10,AMHR2
ENSG00000152467.9,ZSCAN1
ENSG00000198471.1,RTP2
ENSG00000196711.8,FAM150A
ENSG00000137634.9,NXPE4
ENSG00000205754.10,SLCO1B7
ENSG00000269533.5,AC003002.6
ENSG00000167139.8,TBC1D21
ENSG00000258588.3,TRIM6-TRIM34
ENSG00000176136.5,MC5R
ENSG00000124818.14,OPN5
ENSG00000163081.2,CCDC140
ENSG00000152086.8,TUBA3E
ENSG00000181903.4,OR4C6
ENSG00000198354.5,DCAF12L2
ENSG00000189375.10,TBC1D28
ENSG00000170054.14,SERPINA9
ENSG00000268320.3,SCGB1C2
ENSG00000277730.2,SCGB1C2
ENSG00000178795.9,GDPD4
ENSG00000187987.9,ZSCAN23
ENSG00000102145.13,GATA1
ENSG00000277177.4,LILRA6
ENSG00000029559.6,IBSP
ENSG00000138271.5,GPR87
ENSG00000187094.11,CCK
ENSG00000225748.9,PRRC2A
ENSG00000170421.11,KRT8
ENSG00000170298.15,LGALS9B
ENSG00000177202.2,SPACA4
ENSG00000173389.15,IQCF1
ENSG00000228987.9,HLA-DRA
ENSG00000259522.2,RP11-468E2.2
ENSG00000185942.11,NKAIN3
ENSG00000142765.17,SYTL1
ENSG00000163273.3,NPPC
ENSG00000176601.11,MAP3K19
ENSG00000203785.8,SPRR2E
ENSG00000256660.5,CLEC12B
ENSG00000125571.9,IL37
ENSG00000213512.1,GBP7
ENSG00000268606.5,MAGEA2
ENSG00000155066.15,PROM2
ENSG00000105507.2,CABP5
ENSG00000206500.9,RNF39
ENSG00000147378.11,FATE1
ENSG00000079393.20,DUSP13
ENSG00000137747.14,TMPRSS13
ENSG00000269526.1,ERVV-1
ENSG00000129170.8,CSRP3
ENSG00000221972.3,C3orf36
ENSG00000153230.4,OR14K1
ENSG00000183607.9,GKN2
ENSG00000166329.2,CCDC182
ENSG00000198077.10,CYP2A7
ENSG00000100362.12,PVALB
ENSG00000274665.3,PVALB
ENSG00000182698.11,RESP18
ENSG00000163202.4,LCE3D
ENSG00000277086.3,MTMR10
ENSG00000163499.11,CRYBA2
ENSG00000163825.3,RTP3
ENSG00000162723.9,SLAMF9
ENSG00000278500.1,AC009336.19
ENSG00000255223.3,OR5M11
ENSG00000168143.8,FAM83B
ENSG00000173585.15,CCR9
ENSG00000155833.14,CYLC2
ENSG00000174776.10,WDR49
ENSG00000206501.8,PPP1R11
ENSG00000146151.12,HMGCLL1
ENSG00000204361.8,NXPE2
ENSG00000273579.3,C22orf15
ENSG00000187689.9,AMTN
ENSG00000110975.8,SYT10
ENSG00000182645.5,CCDC172
ENSG00000196119.6,OR8A1
ENSG00000230700.8,CSNK2B
ENSG00000117472.9,TSPAN1
ENSG00000186509.4,OR9Q1
ENSG00000275356.3,C7orf77
ENSG00000276459.4,KIR2DL3
ENSG00000108417.3,KRT37
ENSG00000178776.4,C5orf46
ENSG00000175766.11,EIF4E1B
ENSG00000068781.20,STON1-GTF2A1L
ENSG00000134640.2,MTNR1B
ENSG00000150783.9,TEX12
ENSG00000215372.6,ZNF705G
ENSG00000136110.12,LECT1
ENSG00000204571.5,KRTAP5-11
ENSG00000133115.11,STOML3
ENSG00000188992.11,LIPI
ENSG00000166603.4,MC4R
ENSG00000257008.6,GPR142
ENSG00000137204.14,SLC22A7
ENSG00000172967.7,XKR3
ENSG00000206181.5,TCEB3B
ENSG00000226384.10,GTF2H4
ENSG00000130427.2,EPO
ENSG00000239732.3,TLR9
ENSG00000206459.2,PSORS1C2
ENSG00000243627.4,AP000322.53
ENSG00000212807.1,OR2A42
ENSG00000169214.3,OR6F1
ENSG00000271321.1,CTAGE6
ENSG00000137080.4,IFNA21
ENSG00000149124.10,GLYAT
ENSG00000166527.7,CLEC4D
ENSG00000146926.10,ASB10
ENSG00000239927.5,RPP21
ENSG00000178125.14,PPP1R42
ENSG00000130876.11,SLC7A10
ENSG00000183733.6,FIGLA
ENSG00000181074.3,OR52N4
ENSG00000125900.12,SIRPD
ENSG00000186038.9,HTR3E
ENSG00000221836.2,OR2A5
ENSG00000118702.9,GHRH
ENSG00000186474.15,KLK12
ENSG00000134538.2,SLCO1B1
ENSG00000143105.6,KCNA10
ENSG00000258150.5,RP11-345J4.3
ENSG00000167531.6,LALBA
ENSG00000126337.13,KRT36
ENSG00000197870.12,PRB3
ENSG00000163993.6,S100P
ENSG00000278057.4,TEX28
ENSG00000172362.2,OR5B12
ENSG00000278620.2,KRTAP5-4
ENSG00000100053.9,CRYBB3
ENSG00000181408.3,UTS2R
ENSG00000182013.17,PNMAL1
ENSG00000198798.5,MAGEB3
ENSG00000174562.13,KLK15
ENSG00000256566.1,RP4-734P14.4
ENSG00000275543.4,MPV17L
ENSG00000053328.8,METTL24
ENSG00000275869.1,AC136612.1
ENSG00000176635.17,HORMAD2
ENSG00000151715.7,TMEM45B
ENSG00000006128.11,TAC1
ENSG00000279813.1,CR392000.1
ENSG00000135973.2,GPR45
ENSG00000147160.9,AWAT2
ENSG00000104371.4,DKK4
ENSG00000136155.16,SCEL
ENSG00000176988.8,FMR1NB
ENSG00000167612.12,ANKRD33
ENSG00000263012.1,KRT33B
ENSG00000274166.2,GOLGA6L10
ENSG00000189108.12,IL1RAPL2
ENSG00000197084.5,LCE1C
ENSG00000185899.1,TAS2R60
ENSG00000187950.8,OVCH1
ENSG00000163705.12,FANCD2OS
ENSG00000137473.17,TTC29
ENSG00000147434.8,CHRNA6
ENSG00000137875.4,BCL2L10
ENSG00000275019.4,LILRB3
ENSG00000170374.5,SP7
ENSG00000196228.3,SULT1C3
ENSG00000172789.3,HOXC5
ENSG00000266442.5,MSH5-SAPCD1
ENSG00000227234.1,SPANXB1
ENSG00000206324.11,AGPAT1
ENSG00000226467.9,AGPAT1
ENSG00000235758.9,AGPAT1
ENSG00000177938.4,CAPZA3
ENSG00000119946.10,CNNM1
ENSG00000162592.8,CCDC27
ENSG00000175097.7,RAG2
ENSG00000169006.6,NTSR2
ENSG00000166220.12,TBATA
ENSG00000221986.6,MYBPHL
ENSG00000186973.10,FAM183A
ENSG00000186090.10,HTR3D
ENSG00000184647.10,PRSS55
ENSG00000183251.3,OR51B4
ENSG00000151838.11,CCDC175
ENSG00000204655.11,MOG
ENSG00000174016.11,FAM46D
ENSG00000228299.8,HLA-C
ENSG00000205863.9,C1QTNF9B
ENSG00000258555.4,SPECC1L-ADORA2A
ENSG00000182583.12,VCX
ENSG00000169594.12,BNC1
ENSG00000178734.5,LMO7DN
ENSG00000275113.1,GAGE2E
ENSG00000241794.1,SPRR2A
ENSG00000198128.3,OR2L3
ENSG00000143001.4,TMEM61
ENSG00000278461.4,MRPS36
ENSG00000189430.12,NCR1
ENSG00000170807.11,LMOD2
ENSG00000205445.3,KRTAP10-2
ENSG00000188828.11,GLRA4
ENSG00000181023.6,OR56B1
ENSG00000043039.6,BARX2
ENSG00000198092.5,TMPRSS11F
ENSG00000161992.5,PRR35
ENSG00000115488.3,NEU2
ENSG00000075340.22,ADD2
ENSG00000177535.7,OR2B11
ENSG00000163421.8,PROK2
ENSG00000178084.1,HTR3C
ENSG00000255298.2,OR8G5
ENSG00000136688.10,IL36G
ENSG00000257046.5,RP11-545J16.1
ENSG00000131183.10,SLC34A1
ENSG00000233802.8,TRIM49D2
ENSG00000204538.3,PSORS1C2
ENSG00000198185.11,ZNF334
ENSG00000277390.1,APOL5
ENSG00000230549.3,USP17L1
ENSG00000249428.5,CFAP99
ENSG00000157005.3,SST
ENSG00000197273.3,GUCA2A
ENSG00000205111.8,CDKL4
ENSG00000228978.2,TNF
ENSG00000167183.2,PRR15L
ENSG00000166961.14,MS4A15
ENSG00000273502.4,KIR3DL3
ENSG00000036473.6,OTC
ENSG00000152592.13,DMP1
ENSG00000179580.9,RNF151
ENSG00000179165.10,PXT1
ENSG00000242726.5,RPP21
ENSG00000124196.5,GTSF1L
ENSG00000173093.12,CCDC63
ENSG00000101890.4,GUCY2F
ENSG00000135443.8,KRT85
ENSG00000101441.4,CST4
ENSG00000165643.10,SOHLH1
ENSG00000183034.12,OTOP2
ENSG00000189253.7,TRIM64B
ENSG00000229453.2,SPINK8
ENSG00000241779.5,RPP21
ENSG00000243009.5,RPP21
ENSG00000186790.5,FOXE3
ENSG00000166926.8,MS4A6E
ENSG00000044012.3,GUCA2B
ENSG00000075461.5,CACNG4
ENSG00000170190.15,SLC16A5
ENSG00000156959.8,LHFPL4
ENSG00000181195.10,PENK
ENSG00000188293.5,IGFL1
ENSG00000274749.1,KRTAP7-1
ENSG00000163879.10,DNALI1
ENSG00000179902.12,C1orf194
ENSG00000152977.9,ZIC1
ENSG00000165325.13,CCDC67
ENSG00000128313.2,APOL5
ENSG00000204382.11,XAGE1B
ENSG00000205126.2,ACCSL
ENSG00000163630.10,SYNPR
ENSG00000118271.9,TTR
ENSG00000183153.6,GJD3
ENSG00000083782.7,EPYC
ENSG00000258941.3,RP11-407N17.3
ENSG00000241119.1,UGT1A9
ENSG00000204420.8,C6orf25
ENSG00000109205.16,ODAM
ENSG00000169174.10,PCSK9
ENSG00000282283.1,LPPR3
ENSG00000236490.9,TAPBP
ENSG00000181143.15,MUC16
ENSG00000251569.1,RP11-724O16.1
ENSG00000114113.6,RBP2
ENSG00000164822.4,DEFA6
ENSG00000274821.4,SERPINA2
ENSG00000164438.5,TLX3
ENSG00000158553.4,POM121L2
ENSG00000204022.9,LIPJ
ENSG00000048462.10,TNFRSF17
ENSG00000277594.2,DDX52
ENSG00000122718.5,OR2S2
ENSG00000173401.9,GLIPR1L1
ENSG00000196071.3,OR2L13
ENSG00000176160.9,HSF5
ENSG00000216588.8,IGSF23
ENSG00000244672.4,LY6G5B
ENSG00000276085.1,CCL3L3
ENSG00000277336.2,CCL3L3
ENSG00000162409.10,PRKAA2
ENSG00000131050.10,BPIFA2
ENSG00000154611.14,PSMA8
ENSG00000237634.1,LINC01556
ENSG00000282035.1,AC090958.1
ENSG00000176165.9,FOXG1
ENSG00000171481.3,OR1L3
ENSG00000251258.1,RFPL4B
ENSG00000238243.3,OR2W3
ENSG00000136574.17,GATA4
ENSG00000261115.5,TMEM178B
ENSG00000137968.16,SLC44A5
ENSG00000261150.2,EPPK1
ENSG00000102854.14,MSLN
ENSG00000276848.4,KIR3DX1
ENSG00000095110.7,NXPE1
ENSG00000164363.9,SLC6A18
ENSG00000122585.7,NPY
ENSG00000111700.12,SLCO1B3
ENSG00000170549.3,IRX1
ENSG00000279073.3,RP11-229P13.27
ENSG00000171595.13,DNAI2
ENSG00000206505.12,HLA-A
ENSG00000277224.1,HIST1H2BF
ENSG00000145002.12,FAM86B2
ENSG00000175946.8,KLHL38
ENSG00000264058.1,RP5-1028K7.3
ENSG00000249240.2,AC069368.3
ENSG00000122711.8,SPINK4
ENSG00000165621.8,OXGR1
ENSG00000174607.10,UGT8
ENSG00000007372.20,PAX6
ENSG00000279804.1,PRAMEF18
ENSG00000276253.1,AC243790.2
ENSG00000213030.5,CGB8
ENSG00000131233.9,GJA9
ENSG00000058085.14,LAMC2
ENSG00000102243.12,VGLL1
ENSG00000121381.3,TAS2R9
ENSG00000273086.1,TAS2R9
ENSG00000273713.2,TAS2R9
ENSG00000105610.4,KLF1
ENSG00000196866.2,HIST1H2AD
ENSG00000156096.12,UGT2B4
ENSG00000108759.3,KRT32
ENSG00000179407.3,DNAJB8
ENSG00000204086.4,RPA4
ENSG00000119614.2,VSX2
ENSG00000268163.1,AC004076.9
ENSG00000170516.16,COX7B2
ENSG00000172179.11,PRL
ENSG00000268223.2,ARL14EPL
ENSG00000170423.12,KRT78
ENSG00000270672.1,MTRNR2L6
ENSG00000243910.7,TUBA4B
ENSG00000278599.4,TBC1D3E
ENSG00000268964.1,ERVV-2
ENSG00000281988.1,GRK1
ENSG00000115592.11,PRKAG3
ENSG00000176797.3,DEFB103A
ENSG00000177243.3,DEFB103B
ENSG00000273641.2,DEFB103B
ENSG00000154143.2,PANX3
ENSG00000129354.11,AP1M2
ENSG00000135625.7,EGR4
ENSG00000255073.8,ZFP91-CNTF
ENSG00000266027.6,MSH5-SAPCD1
ENSG00000100884.9,CPNE6
ENSG00000174963.17,ZIC4
ENSG00000006059.3,KRT33A
ENSG00000184350.9,MRGPRE
ENSG00000237038.4,USP17L8
ENSG00000115648.13,MLPH
ENSG00000205456.11,TP53TG3D
ENSG00000275063.1,AC233755.1
ENSG00000144015.4,TRIM43
ENSG00000222038.3,POTEJ
ENSG00000212122.3,TSSK1B
ENSG00000212126.3,TAS2R50
ENSG00000273431.1,TAS2R50
ENSG00000276167.1,TAS2R50
ENSG00000243612.5,HLA-DOB
ENSG00000088926.13,F11
ENSG00000212901.3,KRTAP3-1
ENSG00000262068.3,KRTAP3-1
ENSG00000278548.4,ADAM18
ENSG00000213218.9,CSH2
ENSG00000236980.9,C3orf84
ENSG00000185130.5,HIST1H2BL
ENSG00000110203.8,FOLR3
ENSG00000161594.6,KLHL10
ENSG00000259171.1,RP11-903H12.5
ENSG00000188620.9,HMX3
ENSG00000277768.2,CCL3L3
ENSG00000136488.14,CSH1
ENSG00000181963.5,OR52K2
ENSG00000198183.11,BPIFA1
ENSG00000244067.2,GSTA2
ENSG00000274600.1,RIMBP3B
ENSG00000078579.8,FGF20
ENSG00000039537.13,C6
ENSG00000206073.10,SERPINB4
ENSG00000173627.7,APOBEC4
ENSG00000185271.6,KLHL33
ENSG00000164821.4,DEFA4
ENSG00000163898.9,LIPH
ENSG00000204019.4,CT83
ENSG00000186393.5,KRT26
ENSG00000204020.5,LIPN
ENSG00000171942.4,OR10H2
ENSG00000196734.7,LCE1B
ENSG00000275962.4,VSTM1
ENSG00000254979.5,RP11-872D17.8
ENSG00000241690.3,TMEM239
ENSG00000196859.7,KRT39
ENSG00000262164.6,KRT39
ENSG00000187959.9,CPSF4L
ENSG00000275156.4,NCR1
ENSG00000165953.9,SERPINA12
ENSG00000179058.6,C9orf50
ENSG00000136918.7,WDR38
ENSG00000214842.5,RAD51AP2
ENSG00000149635.2,OCSTAMP
ENSG00000256222.2,MTRNR2L3
ENSG00000146904.8,EPHA1
ENSG00000269699.5,ZIM2
ENSG00000153684.14,GOLGA8F
ENSG00000142910.15,TINAGL1
ENSG00000234514.8,LST1
ENSG00000279588.1,AC087762.1
ENSG00000241241.1,KRTAP4-16P
ENSG00000231824.3,C18orf42
ENSG00000184995.7,IFNE
ENSG00000164825.3,DEFB1
ENSG00000128250.5,RFPL1
ENSG00000204252.12,HLA-DOA
ENSG00000230141.10,HLA-DOA
ENSG00000138892.11,TTLL8
ENSG00000187772.6,LIN28B
ENSG00000126549.9,STATH
ENSG00000205693.3,MANSC4
ENSG00000183695.2,MRGPRX2
ENSG00000269586.7,CT45A10
ENSG00000153266.12,FEZF2
ENSG00000183313.4,OR52L1
ENSG00000136931.9,NR5A1
ENSG00000213231.12,TCL1B
ENSG00000178586.4,OR6B3
ENSG00000171209.3,CSN3
ENSG00000184351.7,KRTAP19-1
ENSG00000123838.10,C4BPA
ENSG00000274556.1,KIR3DL3
ENSG00000169509.5,CRCT1
ENSG00000275539.4,LILRA6
ENSG00000061492.11,WNT8A
ENSG00000169059.12,VCX3A
ENSG00000204962.5,PCDHA8
ENSG00000249139.1,EPPIN-WFDC6
ENSG00000143954.12,REG3G
ENSG00000125879.4,OTOR
ENSG00000242366.3,UGT1A8
ENSG00000205809.9,KLRC2
ENSG00000184709.7,LRRC26
ENSG00000171517.5,LPAR3
ENSG00000127362.2,TAS2R3
ENSG00000174898.15,CATSPERD
ENSG00000269067.1,ZNF728
ENSG00000106304.15,SPAM1
ENSG00000206460.4,CDSN
ENSG00000171446.6,KRT27
ENSG00000057294.13,PKP2
ENSG00000274274.1,GAGE13
ENSG00000178623.11,GPR35
ENSG00000218823.1,PAPOLB
ENSG00000213424.8,KRT222
ENSG00000274406.1,KIR2DS4
ENSG00000106541.11,AGR2
ENSG00000204612.1,FOXB2
ENSG00000281690.2,ADAMTS12
ENSG00000170820.11,FSHR
ENSG00000172867.3,KRT2
ENSG00000185053.12,SGCZ
ENSG00000205867.3,KRTAP5-2
ENSG00000278489.2,KRTAP5-2
ENSG00000281533.1,KRTAP5-2
ENSG00000228435.2,C6orf47
ENSG00000215343.7,ZNF705D
ENSG00000185594.4,SPATA8
ENSG00000153779.9,TGIF2LX
ENSG00000278522.4,POTEB3
ENSG00000198758.10,EPS8L3
ENSG00000187173.3,LCE2A
ENSG00000166863.11,TAC3
ENSG00000158077.4,NLRP14
ENSG00000206292.12,HLA-DOA
ENSG00000276490.1,RP11-400G3.5
ENSG00000138308.5,PLA2G12B
ENSG00000278555.4,LILRB4
ENSG00000257207.5,AC108938.5
ENSG00000165682.14,CLEC1B
ENSG00000187833.7,C2orf78
ENSG00000224320.8,HLA-A
ENSG00000229215.8,HLA-A
ENSG00000163424.8,C3orf30
ENSG00000274580.4,FCAR
ENSG00000130957.4,FBP2
ENSG00000119919.10,NKX2-3
ENSG00000147246.9,HTR2C
ENSG00000122375.11,OPN4
ENSG00000226841.2,MCCD1
ENSG00000171405.12,XAGE5
ENSG00000143595.12,AQP10
ENSG00000105695.14,MAG
ENSG00000150750.6,C11orf53
ENSG00000276676.4,KIR2DS5
ENSG00000233932.4,CTXN2
ENSG00000149294.16,NCAM1
ENSG00000237599.9,TAP2
ENSG00000179172.8,HNRNPCL1
ENSG00000158874.11,APOA2
ENSG00000250741.6,NT5C1B-RDH14
ENSG00000074211.13,PPP2R2C
ENSG00000158525.15,CPA5
ENSG00000188909.4,BSX
ENSG00000224212.4,TAP1
ENSG00000185972.5,CCIN
ENSG00000174899.10,PQLC2L
ENSG00000205177.6,C11orf91
ENSG00000267561.2,RP5-1052I5.2
ENSG00000196101.8,HLA-DRB3
ENSG00000142025.15,DMRTC2
ENSG00000237022.9,HLA-C
ENSG00000179673.4,RPRML
ENSG00000282076.1,KCNQ1
ENSG00000278299.4,TBC1D3C
ENSG00000184999.11,SLC22A10
ENSG00000186442.7,KRT3
ENSG00000239642.5,MEIKIN
ENSG00000188691.5,OR56A5
ENSG00000188064.9,WNT7B
ENSG00000183246.6,RIMBP3C
ENSG00000184459.8,BPIFC
ENSG00000178021.10,TSPYL6
ENSG00000174450.11,GOLGA6L2
ENSG00000161849.3,KRT84
ENSG00000164256.9,PRDM9
ENSG00000179934.6,CCR8
ENSG00000226288.1,OR52I2
ENSG00000188581.8,KRTAP1-1
ENSG00000262808.2,KRTAP1-1
ENSG00000113492.13,AGXT2
ENSG00000086570.12,FAT2
ENSG00000206026.7,SMIM21
ENSG00000262481.5,TMEM256-PLSCR3
ENSG00000203926.4,SPANXA2
ENSG00000128645.12,HOXD1
ENSG00000196862.9,RGPD4
ENSG00000152591.12,DSPP
ENSG00000277796.2,CCL3L1
ENSG00000152214.12,RIT2
ENSG00000103460.16,TOX3
ENSG00000214978.7,RP11-477N12.3
ENSG00000188784.4,PLA2G2E
ENSG00000127928.12,GNGT1
ENSG00000117501.14,MROH9
ENSG00000229341.2,TNXB
ENSG00000281486.1,SNTG2
ENSG00000205279.8,CTXN3
ENSG00000272297.2,RP11-215A19.2
ENSG00000158516.11,CPA2
ENSG00000268221.5,OPN1MW
ENSG00000134216.18,CHIA
ENSG00000180138.7,CSNK1A1L
ENSG00000147689.16,FAM83A
ENSG00000257341.5,AL928654.7
ENSG00000137252.9,HCRTR2
ENSG00000137440.4,FGFBP1
ENSG00000184659.5,FOXD4L4
ENSG00000110427.14,KIAA1549L
ENSG00000124237.5,C20orf85
ENSG00000274947.1,KIR2DS4
ENSG00000176153.11,GPX2
ENSG00000269891.2,ARHGAP19-SLIT1
ENSG00000094796.4,KRT31
ENSG00000180043.11,FAM71E2
ENSG00000187054.14,TMPRSS11A
ENSG00000183434.9,TFDP3
ENSG00000196604.11,POTEF
ENSG00000187862.11,TTC24
ENSG00000122852.14,SFTPA1
ENSG00000173237.4,C11orf86
ENSG00000105492.15,SIGLEC6
ENSG00000229767.9,DDR1
ENSG00000239389.7,PCDHA13
ENSG00000145920.14,CPLX2
ENSG00000278699.4,POTEB3
ENSG00000188306.6,LRRIQ4
ENSG00000087510.6,TFAP2C
ENSG00000255152.8,MSH5-SAPCD1
ENSG00000277044.3,OPRL1
ENSG00000281919.2,SLC45A2
ENSG00000006611.15,USH1C
ENSG00000273535.4,NCR1
ENSG00000175877.3,WBSCR28
ENSG00000185385.3,OR7A17
ENSG00000231558.10,HLA-DOA
ENSG00000235744.10,HLA-DOA
ENSG00000102890.14,ELMO3
ENSG00000276033.4,KIR3DX1
ENSG00000120094.6,HOXB1
ENSG00000086506.2,HBQ1
ENSG00000123576.5,ESX1
ENSG00000184221.12,OLIG1
ENSG00000212935.1,KRTAP10-3
ENSG00000262520.1,KRTAP4-16P
ENSG00000154764.5,WNT7A
ENSG00000168959.14,GRM5
ENSG00000140955.10,ADAD2
ENSG00000239457.6,HLA-DOB
ENSG00000157613.10,CREB3L1
ENSG00000134184.12,GSTM1
ENSG00000187527.10,ATP13A5
ENSG00000270898.5,GPR75-ASB3
ENSG00000261949.5,GFY
ENSG00000188373.4,C10orf99
ENSG00000183036.10,PCP4
ENSG00000165215.6,CLDN3
ENSG00000108846.15,ABCC3
ENSG00000214097.4,SMCO1
ENSG00000143469.16,SYT14
ENSG00000273259.2,SERPINA3
ENSG00000206458.9,PSORS1C1
ENSG00000142515.14,KLK3
ENSG00000270765.5,GAS2L2
ENSG00000229074.7,HLA-DRB1
ENSG00000216649.3,GAGE12E
ENSG00000008394.12,MGST1
ENSG00000168333.13,C8orf22
ENSG00000166960.16,CCDC178
ENSG00000165462.5,PHOX2A
ENSG00000140522.11,RLBP1
ENSG00000170162.13,VGLL2
ENSG00000169562.9,GJB1
ENSG00000227171.8,RNF39
ENSG00000205835.8,GMNC
ENSG00000185640.5,KRT79
ENSG00000274736.4,CCL23
ENSG00000165841.9,CYP2C19
ENSG00000140506.16,LMAN1L
ENSG00000182271.12,TMIGD1
ENSG00000000005.5,TNMD
ENSG00000156150.6,ALX3
ENSG00000182334.1,OR5P3
ENSG00000278253.1,OR5P3
ENSG00000205108.5,FAM205A
ENSG00000141096.4,DPEP3
ENSG00000204001.9,LCN8
ENSG00000274175.1,AC133551.1
ENSG00000121314.2,TAS2R8
ENSG00000272712.1,TAS2R8
ENSG00000277316.2,TAS2R8
ENSG00000175664.9,TEX26
ENSG00000214216.10,IQCJ
ENSG00000235657.8,HLA-A
ENSG00000171570.10,RAB4B-EGLN2
ENSG00000136944.17,LMX1B
ENSG00000160886.13,LY6K
ENSG00000171403.9,KRT9
ENSG00000196427.13,NBPF4
ENSG00000186118.8,TEX38
ENSG00000269096.6,CT45A3
ENSG00000170967.4,DDI1
ENSG00000273696.4,CT45A7
ENSG00000276194.4,HNF1B
ENSG00000134443.9,GRP
ENSG00000274419.4,TBC1D3D
ENSG00000276582.1,ABCB11
ENSG00000188959.9,C9orf152
ENSG00000166959.7,MS4A8
ENSG00000240747.7,KRBOX1
ENSG00000278085.4,CT45A8
ENSG00000204278.12,TMEM235
ENSG00000258691.1,RP11-404P21.8
ENSG00000138472.10,GUCA1C
ENSG00000158578.18,ALAS2
ENSG00000103355.12,PRSS33
ENSG00000186684.12,CYP27C1
ENSG00000147571.4,CRH
ENSG00000188816.3,HMX2
ENSG00000196778.2,OR52K1
ENSG00000134463.14,ECHDC3
ENSG00000278279.4,LILRB4
ENSG00000214860.4,EVPLL
ENSG00000124564.17,SLC17A3
ENSG00000075429.8,CACNG5
ENSG00000145839.1,IL9
ENSG00000110680.12,CALCA
ENSG00000169393.8,ELSPBP1
ENSG00000126545.13,CSN1S1
ENSG00000204296.11,C6orf10
ENSG00000281742.2,MCCC2
ENSG00000091010.4,POU4F3
ENSG00000115457.9,IGFBP2
ENSG00000165694.9,FRMD7
ENSG00000102021.10,LUZP4
ENSG00000187151.7,ANGPTL5
ENSG00000099864.17,PALM
ENSG00000248672.5,LY75-CD302
ENSG00000102104.8,RS1
ENSG00000142675.17,CNKSR1
ENSG00000240694.8,PNMA2
ENSG00000179796.11,LRRC3B
ENSG00000163209.14,SPRR3
ENSG00000223465.8,LST1
ENSG00000007306.14,CEACAM7
ENSG00000276896.4,GOLGA8F
ENSG00000214415.3,GNAT3
ENSG00000007350.16,TKTL1
ENSG00000042813.7,ZPBP
ENSG00000205409.3,OR52E6
ENSG00000205236.6,RP11-514P8.6
ENSG00000225164.9,PRRC2A
ENSG00000127530.2,OR7C1
ENSG00000184029.9,DSCR4
ENSG00000122180.4,MYOG
ENSG00000244482.9,LILRA6
ENSG00000116218.12,NPHS2
ENSG00000182333.14,LIPF
ENSG00000139800.8,ZIC5
ENSG00000169676.5,DRD5
ENSG00000197888.2,UGT2B17
ENSG00000151136.14,BTBD11
ENSG00000169548.3,ZNF280A
ENSG00000275499.2,ZNF280A
ENSG00000227858.1,ZFP57
ENSG00000167600.13,CYP2S1
ENSG00000213988.9,ZNF90
ENSG00000105549.10,THEG
ENSG00000182077.10,PTCHD3
ENSG00000276595.4,PTCHD3
ENSG00000102239.4,BRS3
ENSG00000176040.13,TMPRSS7
ENSG00000183793.13,NPIPA5
ENSG00000280550.1,AC131263.1
ENSG00000175164.13,ABO
ENSG00000266265.2,KLF14
ENSG00000154165.4,GPR15
ENSG00000145287.10,PLAC8
ENSG00000270024.5,C8orf44-SGK3
ENSG00000198021.6,SPANXA1
ENSG00000277556.1,OR13C5
ENSG00000171360.3,KRT38
ENSG00000149557.12,FEZ1
ENSG00000221826.9,PSG3
ENSG00000273578.1,KIR2DL2
ENSG00000196099.4,OR6M1
ENSG00000135248.15,FAM71F1
ENSG00000221878.10,PSG7
ENSG00000124490.13,CRISP2
ENSG00000205923.3,CEMP1
ENSG00000269403.1,CTD-2616J11.11
ENSG00000185897.6,FFAR3
ENSG00000186867.10,QRFPR
ENSG00000197838.4,CYP2A13
ENSG00000164458.9,T
ENSG00000137197.6,CDSN
ENSG00000281630.2,MUC20
ENSG00000280148.1,RP3-468K18.7
ENSG00000127412.6,TRPV5
ENSG00000274348.2,TRPV5
ENSG00000227715.10,HLA-A
ENSG00000197635.9,DPP4
ENSG00000196091.12,MYBPC1
ENSG00000261833.2,RP11-58C22.1
ENSG00000259159.5,MFRP
ENSG00000162040.6,HS3ST6
ENSG00000276333.2,HS3ST6
ENSG00000205858.9,LRRC72
ENSG00000167580.7,AQP2
ENSG00000281527.1,AC087350.1
ENSG00000147655.10,RSPO2
ENSG00000131355.14,ADGRE3
ENSG00000225899.7,FRG2B
ENSG00000237412.6,PRSS56
ENSG00000125966.9,MMP24
ENSG00000133256.12,PDE6B
ENSG00000281775.2,FTCD
ENSG00000152266.6,PTH
ENSG00000159398.15,CES5A
ENSG00000181433.9,SAGE1
ENSG00000173612.9,GPRC6A
ENSG00000276986.2,HEATR9
ENSG00000215328.6,HSPA1A
ENSG00000188086.12,PRSS45
ENSG00000198049.6,AVPR1B
ENSG00000268940.5,CT45A1
ENSG00000163618.17,CADPS
ENSG00000277276.3,OTUB2
ENSG00000254445.1,HSPB2-C11orf52
ENSG00000178828.6,RNF186
ENSG00000155087.3,ODF1
ENSG00000149516.13,MS4A3
ENSG00000064218.4,DMRT3
ENSG00000178462.11,TUBAL3
ENSG00000167634.12,NLRP7
ENSG00000274571.4,NLRP7
ENSG00000243130.7,PSG11
ENSG00000187258.13,NPSR1
ENSG00000146910.11,CNPY1
ENSG00000118231.4,CRYGD
ENSG00000187690.3,CXorf67
ENSG00000214897.4,U82695.5
ENSG00000106331.14,PAX4
ENSG00000181778.4,TMEM252
ENSG00000088726.15,TMEM40
ENSG00000162009.8,SSTR5
ENSG00000185303.15,SFTPA2
ENSG00000196224.7,KRTAP5-3
ENSG00000275920.1,KRTAP5-3
ENSG00000159516.8,SPRR2G
ENSG00000164855.15,TMEM184A
ENSG00000180818.4,HOXC10
ENSG00000163217.1,BMP10
ENSG00000183303.2,OR5P2
ENSG00000276025.2,OR5P2
ENSG00000179008.8,C14orf39
ENSG00000101213.6,PTK6
ENSG00000101323.4,HAO1
ENSG00000188155.9,KRTAP10-6
ENSG00000100557.9,C14orf105
ENSG00000248993.1,XXbac-BPG181M17.5
ENSG00000177201.1,OR2T12
ENSG00000171711.2,DEFB4A
ENSG00000203783.4,PRR9
ENSG00000275841.4,LLNLR-260H6.1
ENSG00000260234.5,RP11-166N6.3
ENSG00000271449.7,CT45A2
ENSG00000280563.1,NXN
ENSG00000281300.1,NXN
ENSG00000165182.10,CXorf58
ENSG00000126890.13,CTAG2
ENSG00000278881.1,FP325331.1
ENSG00000183654.8,MARCH11
ENSG00000236011.6,GPANK1
ENSG00000197487.8,GALP
ENSG00000147262.3,GPR119
ENSG00000273574.1,LENG9
ENSG00000282301.1,CYP3A7-CYP3A51P
ENSG00000105428.5,ZNRF4
ENSG00000185372.2,OR2V1
ENSG00000185988.11,PLK5
ENSG00000163206.5,SMCP
ENSG00000228628.8,ATF6B
ENSG00000125850.10,OVOL2
ENSG00000188582.8,PAQR9
ENSG00000124089.4,MC3R
ENSG00000235925.3,LY6G6C
ENSG00000280112.1,C12orf79
ENSG00000101076.16,HNF4A
ENSG00000181001.1,OR52N1
ENSG00000179023.8,KLHDC7A
ENSG00000181355.20,OFCC1
ENSG00000073734.8,ABCB11
ENSG00000105675.8,ATP4A
ENSG00000197977.3,ELOVL2
ENSG00000276258.1,KIR2DS2
ENSG00000030304.12,MUSK
ENSG00000125492.9,BARHL1
ENSG00000073598.5,FNDC8
ENSG00000171180.1,OR2M4
ENSG00000276559.2,BAAT
ENSG00000188056.11,TREML4
ENSG00000081051.7,AFP
ENSG00000096696.13,DSP
ENSG00000143768.11,LEFTY2
ENSG00000277150.1,F8A3
ENSG00000235712.10,RXRB
ENSG00000151962.7,RBM46
ENSG00000270379.5,HEATR9
ENSG00000173157.16,ADAMTS20
ENSG00000104177.17,MYEF2
ENSG00000276345.1,AC004556.1
ENSG00000170484.9,KRT74
ENSG00000277816.4,LILRB3
ENSG00000153404.13,PLEKHG4B
ENSG00000145192.12,AHSG
ENSG00000165606.8,DRGX
ENSG00000161850.2,KRT82
ENSG00000105261.7,OVOL3
ENSG00000196344.11,ADH7
ENSG00000105370.7,LIM2
ENSG00000172365.2,OR5B2
ENSG00000272772.1,CTD-2410N18.5
ENSG00000254778.7,XXbac-BCX105D18.9
ENSG00000183128.7,CALHM3
ENSG00000168952.15,STXBP6
ENSG00000148826.8,NKX6-2
ENSG00000206203.4,TSSK2
ENSG00000152953.12,STK32B
ENSG00000214946.13,TBC1D26
ENSG00000156222.11,SLC28A1
ENSG00000261611.5,AC010547.9
ENSG00000168930.13,TRIM49
ENSG00000281325.1,AC016549.1
ENSG00000183783.6,KCTD8
ENSG00000174325.4,DIRC1
ENSG00000173503.12,LTA
ENSG00000223919.8,LTA
ENSG00000226275.8,LTA
ENSG00000105523.3,FAM83E
ENSG00000003436.14,TFPI
ENSG00000128253.13,RFPL2
ENSG00000212899.2,KRTAP3-3
ENSG00000263101.2,KRTAP3-3
ENSG00000276191.4,CRHR1
ENSG00000069011.15,PITX1
ENSG00000179930.5,ZNF648
ENSG00000277272.4,KIR3DL1
ENSG00000233890.6,TCF19
ENSG00000168907.13,PLA2G4F
ENSG00000007216.14,SLC13A2
ENSG00000148482.11,SLC39A12
ENSG00000176774.5,MAGEB18
ENSG00000275917.4,CHRFAM7A
ENSG00000273554.4,AC136616.1
ENSG00000256574.6,OR13A1
ENSG00000277495.4,OR13A1
ENSG00000127318.10,IL22
ENSG00000168928.12,CTRB2
ENSG00000230456.10,DDR1
ENSG00000185792.9,NLRP9
ENSG00000266302.5,RP11-219A15.1
ENSG00000164932.12,CTHRC1
ENSG00000275038.1,RP11-546B8.6
ENSG00000100565.15,LRRC74A
ENSG00000130540.13,SULT4A1
ENSG00000141255.12,SPATA22
ENSG00000155816.19,FMN2
ENSG00000203697.11,CAPN8
ENSG00000242265.5,PEG10
ENSG00000148386.9,LCN9
ENSG00000170500.12,LONRF2
ENSG00000275465.4,RP11-569G13.3
ENSG00000107187.15,LHX3
ENSG00000278608.1,MAMDC2
ENSG00000167916.4,KRT24
ENSG00000255251.1,PRR23D1
ENSG00000255378.1,PRR23D2
ENSG00000274540.2,PRR23D1
ENSG00000188396.3,TCTEX1D4
ENSG00000229094.8,POU5F1
ENSG00000233911.8,POU5F1
ENSG00000124103.8,FAM209A
ENSG00000188386.5,PPP3R2
ENSG00000101812.12,H2BFM
ENSG00000149948.13,HMGA2
ENSG00000253148.1,RGS21
ENSG00000070047.11,PHRF1
ENSG00000275584.4,LILRA6
ENSG00000135902.9,CHRND
ENSG00000163377.14,FAM19A4
ENSG00000160505.15,NLRP4
ENSG00000163216.6,SPRR2D
ENSG00000212657.1,KRTAP16-1
ENSG00000282049.1,PRSS2
ENSG00000125861.14,GFRA4
ENSG00000088538.12,DOCK3
ENSG00000137251.15,TINAG
ENSG00000170289.12,CNGB3
ENSG00000222036.7,POTEM
ENSG00000180745.4,CLRN3
ENSG00000103534.16,TMC5
ENSG00000079557.4,AFM
ENSG00000214652.5,ZNF727
ENSG00000124557.12,BTN1A1
ENSG00000278174.3,NSF
ENSG00000122584.12,NXPH1
ENSG00000140481.13,CCDC33
ENSG00000112494.9,UNC93A
ENSG00000143536.7,CRNN
ENSG00000109182.11,CWH43
ENSG00000110148.9,CCKBR
ENSG00000137648.16,TMPRSS4
ENSG00000234218.9,MICB
ENSG00000162753.11,SLC9C2
ENSG00000183072.9,NKX2-5
ENSG00000276114.2,CCL23
ENSG00000169327.4,OR5AU1
ENSG00000205869.2,KRTAP5-1
ENSG00000278210.1,KRTAP5-1
ENSG00000280585.1,KRTAP5-1
ENSG00000170373.8,CST1
ENSG00000186297.11,GABRA5
ENSG00000231372.7,MICB
ENSG00000135226.16,UGT2B28
ENSG00000267706.3,CTD-2105E13.6
ENSG00000267881.1,AC011513.3
ENSG00000276747.1,PADI6
ENSG00000164690.7,SHH
ENSG00000124900.12,TRIM51
ENSG00000170689.9,HOXB9
ENSG00000198173.4,FAM47C
ENSG00000183979.7,NPB
ENSG00000105198.10,LGALS13
ENSG00000136695.14,IL36RN
ENSG00000146038.11,DCDC2
ENSG00000013588.5,GPRC5A
ENSG00000181449.3,SOX2
ENSG00000253831.1,ETV3L
ENSG00000232414.6,CYP21A2
ENSG00000197616.11,MYH6
ENSG00000188991.3,SLC15A5
ENSG00000171540.7,OTP
ENSG00000113196.2,HAND1
ENSG00000166825.13,ANPEP
ENSG00000179774.8,ATOH7
ENSG00000163116.9,STPG2
ENSG00000255582.1,OR10G2
ENSG00000203972.9,GLYATL3
ENSG00000128610.11,FEZF1
ENSG00000102195.8,GPR50
ENSG00000197061.4,HIST1H4C
ENSG00000277361.2,OCA2
ENSG00000057149.14,SERPINB3
ENSG00000116996.9,ZP4
ENSG00000147432.6,CHRNB3
ENSG00000172995.16,ARPP21
ENSG00000276076.4,CH507-152C13.3
ENSG00000278656.4,KIR3DL2
ENSG00000277132.2,UGT2B15
ENSG00000187553.8,CYP26C1
ENSG00000182798.10,MAGEB17
ENSG00000204174.6,NPY4R
ENSG00000105251.10,SHD
ENSG00000138039.14,LHCGR
ENSG00000214943.3,GPR33
ENSG00000275867.3,KANSL1
ENSG00000206256.14,PPT2
ENSG00000214688.4,C10orf105
ENSG00000145321.12,GC
ENSG00000046774.9,MAGEC2
ENSG00000134215.15,VAV3
ENSG00000228570.7,NUTM2E
ENSG00000214402.6,LCNL1
ENSG00000116014.9,KISS1R
ENSG00000268500.5,AC018755.18
ENSG00000198681.6,MAGEA1
ENSG00000260458.3,KCNJ18
ENSG00000162951.10,LRRTM1
ENSG00000158748.3,HTR6
ENSG00000144191.11,CNGA3
ENSG00000166736.11,HTR3A
ENSG00000275183.1,LENG9
ENSG00000165794.9,SLC39A2
ENSG00000261972.5,CES5A
ENSG00000168269.8,FOXI1
ENSG00000069206.15,ADAM7
ENSG00000145087.12,STXBP5L
ENSG00000150676.12,CCDC83
ENSG00000186675.6,MAGEE2
ENSG00000160339.15,FCN2
ENSG00000146276.11,GABRR1
ENSG00000102349.14,KLF8
ENSG00000262156.4,APOBEC3A
ENSG00000171195.10,MUC7
ENSG00000130643.8,CALY
ENSG00000175393.3,OR10A6
ENSG00000250799.9,PRODH2
ENSG00000164122.8,ASB5
ENSG00000102683.7,SGCG
ENSG00000175229.6,GAL3ST3
ENSG00000229937.5,PRPS1L1
ENSG00000034971.14,MYOC
ENSG00000163586.9,FABP1
ENSG00000276971.2,TRPV6
ENSG00000196104.10,SPOCK3
ENSG00000256812.1,CAPNS2
ENSG00000257232.1,DPCR1
ENSG00000206468.3,UBD
ENSG00000185974.6,GRK1
ENSG00000150244.11,TRIM48
ENSG00000099399.5,MAGEB2
ENSG00000225454.2,SFTA2
ENSG00000189064.8,GAGE2A
ENSG00000144962.6,SPATA16
ENSG00000186191.7,BPIFB4
ENSG00000092345.13,DAZL
ENSG00000106038.12,EVX1
ENSG00000163218.14,PGLYRP4
ENSG00000120088.14,CRHR1
ENSG00000182771.17,GRID1
ENSG00000274174.4,NALP7
ENSG00000259066.5,RP11-371E8.4
ENSG00000281847.2,RP11-371E8.4
ENSG00000196860.7,TOMM20L
ENSG00000022267.16,FHL1
ENSG00000112273.6,HDGFL1
ENSG00000167780.11,SOAT2
ENSG00000165553.4,NGB
ENSG00000276349.4,TBC1D3L
ENSG00000111701.6,APOBEC1
ENSG00000171487.14,NLRP5
ENSG00000139515.5,PDX1
ENSG00000129451.11,KLK10
ENSG00000179300.3,ZCCHC5
ENSG00000196420.7,S100A5
ENSG00000155918.7,RAET1L
ENSG00000214782.7,MS4A18
ENSG00000196936.3,OR2L8
ENSG00000221880.3,KRTAP1-3
ENSG00000262347.2,KRTAP1-3
ENSG00000157335.19,CLEC18C
ENSG00000124205.15,EDN3
ENSG00000174279.4,EVX2
ENSG00000159263.15,SIM2
ENSG00000198113.2,TOR4A
ENSG00000111971.14,LY6G5C
ENSG00000206404.11,LY6G5C
ENSG00000204539.3,CDSN
ENSG00000165140.9,FBP1
ENSG00000275824.4,CCL4
ENSG00000123388.4,HOXC11
ENSG00000101292.7,PROKR2
ENSG00000144671.10,SLC22A14
ENSG00000225362.8,CT62
ENSG00000185028.3,LRRC14B
ENSG00000186049.8,KRT73
ENSG00000080493.13,SLC4A4
ENSG00000104972.14,LILRB1
ENSG00000183549.10,ACSM5
ENSG00000134762.16,DSC3
ENSG00000090530.9,P3H2
ENSG00000125285.5,SOX21
ENSG00000186439.12,TRDN
ENSG00000258984.5,UBE2F-SCLY
ENSG00000183729.3,NPBWR1
ENSG00000133328.3,HRASLS2
ENSG00000274058.3,TMPRSS11E
ENSG00000164400.5,CSF2
ENSG00000171236.9,LRG1
ENSG00000276289.4,CH507-396I9.6
ENSG00000276042.4,LILRB4
ENSG00000169550.12,MUC15
ENSG00000159527.3,PGLYRP3
ENSG00000112238.11,PRDM13
ENSG00000180176.14,TH
ENSG00000233439.7,PSORS1C1
ENSG00000147697.8,GSDMC
ENSG00000170523.3,KRT83
ENSG00000233209.6,HLA-DQB1
ENSG00000185247.14,MAGEA11
ENSG00000096006.11,CRISP3
ENSG00000164729.7,SLC35G3
ENSG00000165588.16,OTX2
ENSG00000101098.12,RIMS4
ENSG00000275896.4,PRSS2
ENSG00000223980.9,HLA-A
ENSG00000275746.1,KLF13
ENSG00000204882.3,GPR20
ENSG00000275181.2,GPR20
ENSG00000171102.14,OBP2B
ENSG00000198914.2,POU3F3
ENSG00000184564.8,SLITRK6
ENSG00000187510.7,PLEKHG7
ENSG00000196946.9,ZNF705A
ENSG00000187545.5,PRAMEF10
ENSG00000268009.5,SSX4
ENSG00000269791.5,SSX4B
ENSG00000152430.17,BOLL
ENSG00000173302.5,GPR148
ENSG00000213931.5,HBE1
ENSG00000106328.9,FSCN3
ENSG00000089116.3,LHX5
ENSG00000170786.12,SDR16C5
ENSG00000198062.14,POTEH
ENSG00000232962.10,HLA-DOA
ENSG00000280688.1,CEP72
ENSG00000164299.6,SPZ1
ENSG00000206502.8,ZNRD1
ENSG00000234154.10,HLA-DMB
ENSG00000278821.4,KIR2DL1
ENSG00000274669.4,LILRB1
ENSG00000239865.5,RPP21
ENSG00000226979.8,LTA
ENSG00000230279.8,LTA
ENSG00000231408.8,LTA
ENSG00000217236.1,SP9
ENSG00000109851.6,DBX1
ENSG00000197891.11,SLC22A12
ENSG00000122145.14,TBX22
ENSG00000157703.15,SVOPL
ENSG00000100095.18,SEZ6L
ENSG00000148408.12,CACNA1B
ENSG00000188729.6,OSTN
ENSG00000178445.8,GLDC
ENSG00000185966.3,LCE3E
ENSG00000169169.14,CPT1C
ENSG00000260548.1,RP6-24A23.6
ENSG00000070748.17,CHAT
ENSG00000235680.8,HLA-G
ENSG00000154227.13,CERS3
ENSG00000196747.4,HIST1H2AI
ENSG00000179817.4,MRGPRX4
ENSG00000196990.8,FAM163B
ENSG00000197406.7,DIO3
ENSG00000188523.8,C9orf171
ENSG00000241106.6,HLA-DOB
ENSG00000156076.9,WIF1
ENSG00000257529.5,RPL36A-HNRNPH2
ENSG00000163497.2,FEV
ENSG00000169860.6,P2RY1
ENSG00000108244.16,KRT23
ENSG00000263309.6,KRT23
ENSG00000206401.11,LY6G6E
ENSG00000224708.8,LY6G6E
ENSG00000226187.8,LY6G6E
ENSG00000235769.8,LY6G6E
ENSG00000236210.8,LY6G6E
ENSG00000237482.8,LY6G6E
ENSG00000081800.8,SLC13A1
ENSG00000280893.1,PAGR1
ENSG00000282230.1,ADAM9
ENSG00000124429.17,POF1B
ENSG00000258465.6,RP11-574F21.3
ENSG00000074771.3,NOX3
ENSG00000152092.15,ASTN1
ENSG00000070731.9,ST6GALNAC2
ENSG00000110244.6,APOA4
ENSG00000189068.9,VSTM1
ENSG00000187664.8,HAPLN4
ENSG00000130413.15,STK33
ENSG00000275599.1,KIR2DS3
ENSG00000178522.14,AMBN
ENSG00000169953.11,HSFY2
ENSG00000164129.11,NPY5R
ENSG00000278307.2,TAS2R19
ENSG00000186143.10,PRR30
ENSG00000215269.5,GAGE12G
ENSG00000236362.7,GAGE12F
ENSG00000182053.12,TRIM49B
ENSG00000152034.10,MCHR2
ENSG00000104833.10,TUBB4A
ENSG00000215262.7,KCNU1
ENSG00000230230.7,TRIM26
ENSG00000125533.5,BHLHE23
ENSG00000231002.7,TRIM26
ENSG00000197632.8,SERPINB2
ENSG00000073282.12,TP63
ENSG00000105289.14,TJP3
ENSG00000185176.12,AQP12B
ENSG00000142700.11,DMRTA2
ENSG00000206398.5,LY6G6C
ENSG00000279152.1,AC129492.1
ENSG00000140798.15,ABCC12
ENSG00000272896.1,RP11-216L13.17
ENSG00000125798.14,FOXA2
ENSG00000128714.5,HOXD13
ENSG00000215474.6,SKOR2
ENSG00000180475.4,OR10Q1
ENSG00000179520.10,SLC17A8
ENSG00000139648.6,KRT71
ENSG00000143839.13,REN
ENSG00000187242.4,KRT12
ENSG00000263243.2,KRT12
ENSG00000277335.4,LAIR2
ENSG00000166391.14,MOGAT2
ENSG00000185448.10,FAM47A
ENSG00000125337.16,KIF25
ENSG00000276328.1,KIR3DL3
ENSG00000148602.5,LRIT1
ENSG00000215612.6,HMX1
ENSG00000186912.6,P2RY4
ENSG00000213759.8,UGT2B11
ENSG00000215454.5,KRTAP10-4
ENSG00000235268.2,KDM4E
ENSG00000204065.2,TCEAL5
ENSG00000101210.10,EEF1A2
ENSG00000254870.5,ATP6V1G2-DDX39B
ENSG00000146399.1,TAAR1
ENSG00000164532.10,TBX20
ENSG00000187116.13,LILRA5
ENSG00000134757.4,DSG3
ENSG00000241697.4,TMEFF1
ENSG00000274638.4,AC011476.6
ENSG00000275082.4,NLRP2
ENSG00000275399.4,AC011476.7
ENSG00000275796.4,NLRP2
ENSG00000275843.4,AC011476.11
ENSG00000278682.4,AC011476.23
ENSG00000278789.4,NLRP2
ENSG00000163394.5,CCKAR
ENSG00000144820.7,ADGRG7
ENSG00000129152.3,MYOD1
ENSG00000143032.7,BARHL2
ENSG00000206463.7,C6orf205
ENSG00000180318.3,ALX1
ENSG00000081277.11,PKP1
ENSG00000174576.8,NPAS4
ENSG00000187616.4,TMEM8C
ENSG00000231852.6,CYP21A2
ENSG00000227357.2,HLA-DRB4
ENSG00000258417.3,RP11-240B13.2
ENSG00000022355.14,GABRA1
ENSG00000276838.4,SERPINF2
ENSG00000183662.10,FAM19A1
ENSG00000131951.10,LRRC9
ENSG00000163581.13,SLC2A2
ENSG00000160221.16,C21orf33
ENSG00000223417.8,TRIM49D1
ENSG00000172016.15,REG3A
ENSG00000278304.1,KIR2DS1
ENSG00000273517.1,KIR2DS1
ENSG00000125255.6,SLC10A2
ENSG00000164778.4,EN2
ENSG00000165059.6,PRKACG
ENSG00000204969.6,PCDHA2
ENSG00000275624.4,PRB3
ENSG00000166748.12,AGBL1
ENSG00000198156.10,NPIPB6
ENSG00000016602.9,CLCA4
ENSG00000134595.7,SOX3
ENSG00000274148.4,LILRA6
ENSG00000237452.2,BHMG1
ENSG00000206476.13,VARS2
ENSG00000123165.8,ACTRT1
ENSG00000264813.5,CTD-2501B8.1
ENSG00000163220.10,S100A9
ENSG00000165066.12,NKX6-3
ENSG00000080224.17,EPHA6
ENSG00000186895.2,FGF3
ENSG00000277060.4,NALP2
ENSG00000198597.8,ZNF536
ENSG00000278674.1,RP11-49K24.9
ENSG00000188937.5,NYX
ENSG00000174448.8,STARD6
ENSG00000100665.11,SERPINA4
ENSG00000198046.11,ZNF667
ENSG00000197641.11,SERPINB13
ENSG00000175809.4,ZNF645
ENSG00000178597.5,PSAPL1
ENSG00000163092.19,XIRP2
ENSG00000225781.1,OR6V1
ENSG00000277378.1,OR6V1
ENSG00000184507.15,NUTM1
ENSG00000124233.11,SEMG1
ENSG00000189139.5,FSCB
ENSG00000106341.10,PPP1R17
ENSG00000171747.8,LGALS4
ENSG00000163295.4,ALPI
ENSG00000133124.11,IRS4
ENSG00000166948.9,TGM6
ENSG00000155897.9,ADCY8
ENSG00000180053.7,NKX2-6
ENSG00000276119.1,OR13C2
ENSG00000226784.2,PGAM4
ENSG00000184148.3,SPRR4
ENSG00000273155.1,RP11-38C17.1
ENSG00000278195.1,SSTR3
ENSG00000136487.17,GH2
ENSG00000088002.11,SULT2B1
ENSG00000183230.16,CTNNA3
ENSG00000204003.8,RP11-216L13.16
ENSG00000120054.11,CPN1
ENSG00000162456.9,KNCN
ENSG00000144119.3,C1QL2
ENSG00000167945.1,PRR25
ENSG00000178473.6,UCN3
ENSG00000146809.12,ASB15
ENSG00000204518.2,AADACL4
ENSG00000197935.6,ZNF311
ENSG00000225351.4,ZNF311
ENSG00000235178.4,ZNF311
ENSG00000235589.4,ZNF311
ENSG00000178279.3,TNP2
ENSG00000230467.8,RNF39
ENSG00000206308.11,HLA-DRA
ENSG00000230726.9,HLA-DRA
ENSG00000234794.9,HLA-DRA
ENSG00000155890.3,TRIM42
ENSG00000238130.8,LTA
ENSG00000173557.14,C2orf70
ENSG00000230885.9,MOG
ENSG00000129514.5,FOXA1
ENSG00000176049.15,JAKMIP2
ENSG00000168631.11,DPCR1
ENSG00000182938.4,OTOP3
ENSG00000109101.7,FOXN1
ENSG00000163064.6,EN1
ENSG00000129654.7,FOXJ1
ENSG00000179399.13,GPC5
ENSG00000186086.16,NBPF6
ENSG00000173714.7,WFIKKN2
ENSG00000143107.8,FNDC7
ENSG00000255398.2,HCAR3
ENSG00000167800.9,TBX10
ENSG00000006071.11,ABCC8
ENSG00000132972.18,RNF17
ENSG00000173988.12,LRRC63
ENSG00000274744.1,TCEB3CL2
ENSG00000196468.7,FGF16
ENSG00000268089.2,GABRQ
ENSG00000125816.4,NKX2-4
ENSG00000279646.1,AC016577.1
ENSG00000138136.6,LBX1
ENSG00000196350.8,ZNF729
ENSG00000203786.6,KPRP
ENSG00000224542.7,TRIM31
ENSG00000256861.1,RP11-512M8.5
ENSG00000047457.13,CP
ENSG00000129159.6,KCNC1
ENSG00000132693.12,CRP
ENSG00000172238.4,ATOH1
ENSG00000231968.2,UBD
ENSG00000178403.3,NEUROG2
ENSG00000147256.10,ARHGAP36
ENSG00000232062.8,HLA-DQA1
ENSG00000259752.2,AC066615.1
ENSG00000214866.7,DCDC2C
ENSG00000279408.2,RP11-294C11.3
ENSG00000120952.4,PRAMEF2
ENSG00000108684.14,ASIC2
ENSG00000242711.8,PSMB9
ENSG00000183632.14,TP53TG3
ENSG00000206485.10,PPP1R18
ENSG00000205846.3,CLEC6A
ENSG00000119913.4,TECTB
ENSG00000185467.7,KPNA7
ENSG00000173838.11,MARCH10
ENSG00000136297.14,MMD2
ENSG00000204659.4,CBY3
ENSG00000157654.17,PALM2-AKAP2
ENSG00000145242.13,EPHA5
ENSG00000153294.11,ADGRF4
ENSG00000179242.15,CDH4
ENSG00000265203.1,RBP3
ENSG00000123364.4,HOXC13
ENSG00000163873.9,GRIK3
ENSG00000158786.4,PLA2G2F
ENSG00000175785.12,PRIMA1
ENSG00000274089.4,PRIMA1
ENSG00000275774.2,HNRNPCL2
ENSG00000205457.10,TP53TG3C
ENSG00000106789.12,CORO2A
ENSG00000187033.9,SAMD7
ENSG00000282419.1,RP5-1052M9.5
ENSG00000122859.4,NEUROG3
ENSG00000225211.6,NCR3
ENSG00000227993.9,HLA-DRA
ENSG00000113889.11,KNG1
ENSG00000206208.11,TAPBP
ENSG00000184363.9,PKP3
ENSG00000008438.4,PGLYRP1
ENSG00000165370.1,GPR101
ENSG00000257335.8,MGAM
ENSG00000168671.9,UGT3A2
ENSG00000177468.6,OLIG3
ENSG00000151632.16,AKR1C2
ENSG00000186732.13,MPPED1
ENSG00000167618.9,LAIR2
ENSG00000078898.6,BPIFB2
ENSG00000258543.5,DAMA-236L13.20
ENSG00000152208.11,GRID2
ENSG00000234224.2,TMEM229A
ENSG00000165061.14,ZMAT4
ENSG00000198739.10,LRRTM3
ENSG00000070193.4,FGF10
ENSG00000229077.8,SLC44A4
ENSG00000232180.8,SLC44A4
ENSG00000235336.8,SLC44A4
ENSG00000263341.1,KRTAP17-1
ENSG00000215695.1,RSC1A1
ENSG00000236125.3,USP17L4
ENSG00000183631.4,PRR32
ENSG00000165584.15,SSX3
ENSG00000141579.6,ZNF750
